,datetime_min,QualityFlag,QualityPred,Correctly Identified,Misclassfied
0,2022-08-11 03:30:01.270,0,0,1,0
1,2022-08-11 03:36:06.385,0,0,2,0
2,2022-08-11 03:43:41.278,0,0,3,0
3,2022-08-11 03:45:48.101,0,0,4,0
4,2022-08-11 03:48:21.882,0,0,5,0
5,2022-08-11 03:51:49.254,0,0,6,0
6,2022-08-11 03:54:11.818,0,0,7,0
7,2022-08-11 03:56:19.704,0,0,8,0
8,2022-08-11 03:59:06.764,0,0,9,0
9,2022-08-11 04:00:57.537,0,0,10,0
10,2022-08-11 04:02:45.142,0,0,11,0
11,2022-08-11 04:04:27.702,0,0,12,0
12,2022-08-11 04:05:59.508,0,0,13,0
13,2022-08-11 04:08:17.365,0,0,14,0
14,2022-08-11 04:10:15.443,0,0,15,0
15,2022-08-11 04:12:41.955,0,0,16,0
16,2022-08-11 04:15:02.073,0,0,17,0
17,2022-08-11 04:17:04.968,0,0,18,0
18,2022-08-11 04:18:57.914,0,0,19,0
19,2022-08-17 07:28:11.468,0,0,20,0
20,2022-08-17 07:30:07.458,0,0,21,0
21,2022-08-17 07:32:52.187,0,0,22,0
22,2022-08-17 07:34:44.590,0,0,23,0
23,2022-08-17 07:38:14.614,0,0,24,0
24,2022-08-17 07:40:20.662,0,0,25,0
25,2022-08-17 07:43:09.883,0,0,26,0
26,2022-08-17 07:45:16.321,0,0,27,0
27,2022-08-17 07:47:06.597,0,0,28,0
28,2022-08-17 07:48:58.015,0,0,29,0
29,2022-08-17 07:50:31.234,0,0,30,0
30,2022-08-17 07:53:28.614,0,0,31,0
31,2022-08-17 07:55:07.435,0,0,32,0
32,2022-08-17 08:08:23.942,0,0,33,0
33,2022-08-17 08:10:16.740,0,0,34,0
34,2022-08-17 08:11:54.234,0,0,35,0
35,2022-08-17 08:13:36.882,0,0,36,0
36,2022-08-17 08:15:31.129,0,0,37,0
37,2022-08-17 08:17:25.321,0,0,38,0
38,2022-08-18 01:12:58.959,0,0,39,0
39,2022-08-30 10:33:25.436,1,1,40,0
40,2022-08-30 10:40:06.046,1,1,41,0
41,2022-08-30 10:43:09.518,1,1,42,0
42,2022-08-30 10:45:20.606,1,1,43,0
43,2022-08-30 10:47:25.815,1,1,44,0
44,2022-08-30 10:50:17.378,1,1,45,0
45,2022-08-30 10:52:31.264,1,1,46,0
46,2022-08-30 10:54:41.462,1,1,47,0
47,2022-08-30 10:56:55.887,1,1,48,0
48,2022-08-30 11:01:25.413,1,1,49,0
49,2022-08-30 11:07:34.260,1,1,50,0
50,2022-08-30 11:12:59.250,1,1,51,0
51,2022-08-30 11:15:14.990,1,1,52,0
52,2022-08-30 11:17:03.964,1,1,53,0
53,2022-08-30 11:20:56.133,1,1,54,0
54,2022-08-30 11:23:12.977,1,1,55,0
55,2022-08-30 11:25:20.415,1,1,56,0
56,2022-08-30 11:27:31.761,1,1,57,0
57,2022-08-30 11:29:28.469,1,1,58,0
58,2022-08-30 11:31:48.354,1,1,59,0
59,2022-09-05 02:14:03.642,1,1,60,0
60,2022-09-05 02:18:50.024,1,1,61,0
61,2022-09-05 02:20:40.720,1,1,62,0
62,2022-09-05 02:22:40.053,1,1,63,0
63,2022-09-05 02:25:23.334,1,1,64,0
64,2022-09-05 02:27:16.352,1,1,65,0
65,2022-09-05 02:28:49.308,1,1,66,0
66,2022-09-05 02:30:38.919,1,1,67,0
67,2022-09-05 02:32:09.996,1,1,68,0
68,2022-09-05 02:34:02.282,1,1,69,0
69,2022-09-05 02:35:38.926,1,1,70,0
70,2022-09-05 02:37:43.710,1,1,71,0
71,2022-09-05 02:39:23.107,1,1,72,0
72,2022-09-05 02:41:17.845,1,1,73,0
73,2022-09-05 02:43:03.935,1,1,74,0
74,2022-09-05 02:45:00.570,1,1,75,0
75,2022-09-05 02:46:40.676,1,1,76,0
76,2022-09-05 02:48:12.576,1,1,77,0
77,2022-09-05 02:50:04.934,1,1,78,0
78,2022-09-05 02:51:40.541,1,1,79,0
79,2022-09-07 03:27:33.012,1,1,80,0
80,2022-09-07 03:31:45.217,1,1,81,0
81,2022-09-07 03:34:54.590,1,1,82,0
82,2022-09-07 03:37:47.799,1,1,83,0
83,2022-09-07 03:41:15.038,1,1,84,0
84,2022-09-07 03:45:45.911,1,1,85,0
85,2022-09-07 03:48:21.735,1,1,86,0
86,2022-09-07 03:52:10.820,1,1,87,0
87,2022-09-07 04:05:34.719,1,1,88,0
88,2022-09-07 04:16:08.750,1,1,89,0
89,2022-09-07 04:19:35.112,1,1,90,0
90,2022-09-07 04:22:54.258,1,1,91,0
91,2022-09-07 04:34:15.762,1,1,92,0
92,2022-09-07 04:37:20.309,1,1,93,0
93,2022-09-07 04:40:01.440,1,1,94,0
94,2022-09-07 04:42:49.875,1,1,95,0
95,2022-09-07 04:45:23.624,1,1,96,0
96,2022-09-07 04:47:55.228,1,1,97,0
97,2022-09-07 04:50:32.027,1,1,98,0
98,2022-09-07 04:53:29.563,1,1,99,0
99,2022-09-09 02:36:03.062,1,1,100,0
100,2022-09-09 02:37:37.379,1,1,101,0
101,2022-09-09 02:39:16.603,1,1,102,0
102,2022-09-09 02:40:59.369,1,1,103,0
103,2022-09-09 02:44:19.580,1,1,104,0
104,2022-09-09 02:46:00.266,1,1,105,0
105,2022-09-09 02:49:16.140,1,1,106,0
106,2022-09-09 02:51:05.551,1,1,107,0
107,2022-09-09 02:52:53.956,1,1,108,0
108,2022-09-09 02:54:48.024,1,1,109,0
109,2022-09-09 02:57:55.518,1,1,110,0
110,2022-09-09 03:00:02.760,1,1,111,0
111,2022-09-09 03:02:01.288,1,1,112,0
112,2022-09-09 03:04:52.598,1,1,113,0
113,2022-09-09 03:07:53.335,1,1,114,0
114,2022-09-09 03:11:24.677,1,1,115,0
115,2022-09-09 03:17:37.694,1,1,116,0
116,2022-09-09 03:19:38.818,1,1,117,0
117,2022-09-09 03:20:56.430,1,1,118,0
118,2022-09-09 03:22:39.607,1,1,119,0
119,2022-09-09 04:41:18.864,1,1,120,0
120,2022-09-09 04:44:27.222,1,1,121,0
121,2022-09-09 04:46:47.807,1,1,122,0
122,2022-09-09 04:48:54.591,1,1,123,0
123,2022-09-09 04:52:36.884,1,1,124,0
124,2022-09-09 04:58:41.003,1,1,125,0
125,2022-09-09 05:01:19.065,1,1,126,0
126,2022-09-09 05:04:28.619,1,1,127,0
127,2022-09-09 05:06:34.653,1,1,128,0
128,2022-09-09 05:08:55.501,1,1,129,0
129,2022-09-09 05:10:49.715,1,1,130,0
130,2022-09-09 05:13:20.420,1,1,131,0
131,2022-09-09 05:15:14.170,1,1,132,0
132,2022-09-09 05:17:43.540,1,1,133,0
133,2022-09-09 05:20:54.688,1,1,134,0
134,2022-09-09 05:22:45.528,1,1,135,0
135,2022-09-09 05:24:33.434,1,1,136,0
136,2022-09-09 05:27:16.584,1,1,137,0
137,2022-09-09 05:29:26.913,1,1,138,0
138,2022-09-12 01:52:13.964,1,1,139,0
139,2022-09-12 04:11:54.718,1,1,140,0
140,2022-09-12 04:18:25.283,1,1,141,0
141,2022-09-12 04:20:53.728,1,1,142,0
142,2022-09-12 04:23:01.327,1,1,143,0
143,2022-09-12 04:27:12.712,1,1,144,0
144,2022-09-12 04:29:35.370,1,1,145,0
145,2022-09-12 04:32:09.883,1,1,146,0
146,2022-09-12 04:34:50.170,1,1,147,0
147,2022-09-12 04:38:11.862,1,1,148,0
148,2022-09-12 04:41:43.520,1,1,149,0
149,2022-09-12 04:44:18.368,1,1,150,0
150,2022-09-12 04:46:25.861,1,1,151,0
151,2022-09-12 04:48:46.367,1,1,152,0
152,2022-09-12 04:50:56.417,1,1,153,0
153,2022-09-12 04:53:35.561,1,1,154,0
154,2022-09-12 04:57:50.681,1,1,155,0
155,2022-09-12 05:00:09.882,1,1,156,0
156,2022-09-12 05:02:30.399,1,1,157,0
157,2022-09-12 05:05:20.067,1,1,158,0
158,2022-09-12 05:09:32.643,1,1,159,0
159,2022-09-16 01:11:37.848,1,1,160,0
160,2022-09-16 01:13:12.125,1,1,161,0
161,2022-09-16 01:15:38.944,1,1,162,0
162,2022-09-16 01:18:43.840,1,1,163,0
163,2022-09-16 01:20:48.312,1,1,164,0
164,2022-09-16 01:22:58.369,1,1,165,0
165,2022-09-16 01:24:57.893,1,1,166,0
166,2022-09-16 01:27:10.948,1,1,167,0
167,2022-09-16 01:29:46.701,1,1,168,0
168,2022-09-16 01:31:53.780,1,1,169,0
169,2022-09-16 01:34:29.266,1,1,170,0
170,2022-09-16 01:36:03.119,1,1,171,0
171,2022-09-16 01:37:52.969,1,1,172,0
172,2022-09-16 01:41:25.347,1,1,173,0
173,2022-09-16 01:51:21.473,1,1,174,0
174,2022-09-16 01:54:33.085,1,1,175,0
175,2022-09-16 01:56:53.244,1,1,176,0
176,2022-09-16 01:59:33.084,1,1,177,0
177,2022-09-16 02:02:23.446,1,1,178,0
178,2022-09-16 02:04:38.849,1,1,179,0
179,2022-09-19 05:14:14.283,1,1,180,0
180,2022-09-19 05:18:35.342,1,1,181,0
181,2022-09-19 05:19:55.356,1,1,182,0
182,2022-09-19 05:21:35.316,1,1,183,0
183,2022-09-19 05:23:18.667,1,1,184,0
184,2022-09-19 05:24:42.069,1,1,185,0
185,2022-09-19 05:25:58.527,1,1,186,0
186,2022-09-19 05:27:13.174,1,1,187,0
187,2022-09-19 05:28:41.891,1,1,188,0
188,2022-09-19 05:30:23.747,1,1,189,0
189,2022-09-19 05:31:54.377,1,1,190,0
190,2022-09-19 05:33:31.886,1,1,191,0
191,2022-09-19 05:35:12.437,1,1,192,0
192,2022-09-19 05:36:37.689,1,1,193,0
193,2022-09-19 05:38:39.476,1,1,194,0
194,2022-09-19 05:40:18.725,1,1,195,0
195,2022-09-19 05:42:07.779,1,1,196,0
196,2022-09-19 05:43:34.469,1,1,197,0
197,2022-09-19 05:49:08.313,1,1,198,0
198,2022-09-19 05:50:55.457,1,1,199,0
199,2022-09-19 06:04:42.765,1,1,200,0
200,2022-09-19 06:06:08.227,1,1,201,0
201,2022-09-19 06:07:30.975,1,1,202,0
202,2022-09-19 06:08:44.904,1,1,203,0
203,2022-09-19 06:09:53.944,1,1,204,0
204,2022-09-19 06:11:25.689,1,1,205,0
205,2022-09-19 06:12:59.367,1,1,206,0
206,2022-09-19 06:14:18.045,1,1,207,0
207,2022-09-19 06:17:40.577,1,1,208,0
208,2022-09-19 06:26:43.817,1,1,209,0
209,2022-09-19 06:27:59.914,1,1,210,0
210,2022-09-19 06:29:52.242,1,1,211,0
211,2022-09-19 06:32:16.955,1,1,212,0
212,2022-09-19 06:33:40.702,1,1,213,0
213,2022-09-19 06:35:13.741,1,1,214,0
214,2022-09-19 06:36:36.779,1,1,215,0
215,2022-09-19 06:37:53.659,1,1,216,0
216,2022-09-19 06:39:39.922,1,1,217,0
217,2022-09-19 06:42:46.380,1,1,218,0
218,2022-09-19 06:45:04.323,1,1,219,0
219,2022-09-19 06:56:49.969,1,1,220,0
220,2022-09-19 06:58:14.160,1,1,221,0
221,2022-09-19 06:59:43.417,1,1,222,0
222,2022-09-19 07:01:00.457,1,1,223,0
223,2022-09-19 07:02:28.372,1,1,224,0
224,2022-09-19 07:03:53.011,1,1,225,0
225,2022-09-19 07:06:03.013,1,1,226,0
226,2022-09-19 07:07:29.626,1,1,227,0
227,2022-09-19 07:09:03.570,1,1,228,0
228,2022-09-19 07:10:35.867,1,1,229,0
229,2022-09-19 07:11:59.085,1,1,230,0
230,2022-09-19 07:14:01.431,1,1,231,0
231,2022-09-19 07:15:57.017,1,1,232,0
232,2022-09-19 07:17:15.843,1,1,233,0
233,2022-09-19 07:18:55.624,1,1,234,0
234,2022-09-19 07:21:24.439,1,1,235,0
235,2022-09-19 07:23:32.179,1,1,236,0
236,2022-09-19 07:25:07.831,1,1,237,0
237,2022-09-19 07:26:39.897,1,1,238,0
238,2022-09-19 07:28:18.752,1,1,239,0
239,2022-09-19 11:27:06.428,1,1,240,0
240,2022-09-19 11:28:53.358,1,1,241,0
241,2022-09-19 11:30:41.792,1,1,242,0
242,2022-09-19 11:31:49.955,1,1,243,0
243,2022-09-19 11:33:17.051,1,1,244,0
244,2022-09-19 11:34:33.426,1,1,245,0
245,2022-09-19 11:36:00.864,1,1,246,0
246,2022-09-19 11:39:07.834,1,1,247,0
247,2022-09-19 11:40:59.097,1,1,248,0
248,2022-09-19 11:42:50.902,1,1,249,0
249,2022-09-19 11:44:32.110,1,1,250,0
250,2022-09-19 11:46:00.811,1,1,251,0
251,2022-09-19 11:47:46.594,1,1,252,0
252,2022-09-19 11:49:49.356,1,1,253,0
253,2022-09-19 11:51:12.118,1,1,254,0
254,2022-09-19 11:52:47.194,1,1,255,0
255,2022-09-19 11:54:24.955,1,1,256,0
256,2022-09-19 11:56:26.564,1,1,257,0
257,2022-09-19 11:58:32.022,1,1,258,0
258,2022-09-19 12:00:18.548,1,1,259,0
259,2022-09-23 01:53:58.320,1,1,260,0
260,2022-09-23 01:54:58.550,1,1,261,0
261,2022-09-23 01:55:59.833,1,1,262,0
262,2022-09-23 01:56:59.707,1,1,263,0
263,2022-09-23 01:58:16.662,1,1,264,0
264,2022-09-23 01:59:38.624,1,1,265,0
265,2022-09-23 02:02:02.068,1,1,266,0
266,2022-09-23 02:04:04.208,1,1,267,0
267,2022-09-23 02:05:07.360,1,1,268,0
268,2022-09-23 02:07:15.185,1,1,269,0
269,2022-09-23 02:08:38.612,1,1,270,0
270,2022-09-23 02:09:42.776,1,1,271,0
271,2022-09-23 02:10:38.731,1,1,272,0
272,2022-09-23 02:11:40.465,1,1,273,0
273,2022-09-23 02:13:04.710,1,1,274,0
274,2022-09-23 02:14:23.497,1,1,275,0
275,2022-09-23 02:15:45.028,1,1,276,0
276,2022-09-23 02:16:44.459,1,1,277,0
277,2022-09-23 02:18:27.257,1,1,278,0
278,2022-09-23 02:24:27.679,1,1,279,0
279,2022-09-23 02:25:36.954,1,1,280,0
280,2022-09-23 02:26:42.863,1,1,281,0
281,2022-09-23 02:27:40.681,1,1,282,0
282,2022-09-23 02:28:38.535,1,1,283,0
283,2022-09-23 02:29:46.301,1,1,284,0
284,2022-09-23 02:32:11.477,1,1,285,0
285,2022-09-23 02:33:18.801,1,1,286,0
286,2022-09-23 02:34:14.702,1,1,287,0
287,2022-09-23 02:35:12.407,1,1,288,0
288,2022-09-23 02:36:12.331,1,1,289,0
289,2022-09-23 02:38:03.999,1,1,290,0
290,2022-09-23 02:39:33.990,1,1,291,0
291,2022-09-23 02:40:39.216,1,1,292,0
292,2022-09-23 02:41:40.502,1,1,293,0
293,2022-09-23 02:42:56.693,1,1,294,0
294,2022-09-23 02:44:02.091,1,1,295,0
295,2022-09-23 02:44:58.208,1,1,296,0
296,2022-09-23 02:45:57.559,1,1,297,0
297,2022-09-23 02:47:38.789,1,1,298,0
298,2022-09-23 03:01:30.410,1,1,299,0
299,2022-09-23 03:02:47.107,1,1,300,0
300,2022-09-23 03:03:57.188,1,1,301,0
301,2022-09-23 03:04:55.526,1,1,302,0
302,2022-09-23 03:05:56.223,1,1,303,0
303,2022-09-23 03:07:01.913,1,1,304,0
304,2022-09-23 03:08:22.663,1,1,305,0
305,2022-09-23 03:13:43.502,1,1,306,0
306,2022-09-23 03:15:06.610,1,1,307,0
307,2022-09-23 03:16:32.307,1,1,308,0
308,2022-09-23 03:18:09.176,1,1,309,0
309,2022-09-23 03:19:17.488,1,1,310,0
310,2022-09-23 03:20:33.239,1,1,311,0
311,2022-09-23 03:21:53.583,1,1,312,0
312,2022-09-23 03:23:23.328,1,1,313,0
313,2022-09-23 03:24:33.146,1,1,314,0
314,2022-09-23 03:27:29.975,1,1,315,0
315,2022-09-23 03:32:18.032,1,1,316,0
316,2022-09-23 03:33:33.319,1,1,317,0
317,2022-09-23 03:35:05.269,1,1,318,0
318,2022-09-23 11:45:50.293,1,1,319,0
319,2022-09-23 11:47:17.230,1,1,320,0
320,2022-09-23 11:48:26.629,1,1,321,0
321,2022-09-23 11:49:44.613,1,1,322,0
322,2022-09-23 11:51:04.916,1,1,323,0
323,2022-09-23 11:52:40.341,1,1,324,0
324,2022-09-23 11:54:21.519,1,1,325,0
325,2022-09-23 11:55:54.466,1,1,326,0
326,2022-09-23 11:57:02.308,1,1,327,0
327,2022-09-23 11:58:30.585,1,1,328,0
328,2022-09-23 11:59:57.165,1,1,329,0
329,2022-09-23 12:02:06.741,1,1,330,0
330,2022-09-23 12:03:11.948,1,1,331,0
331,2022-09-23 12:04:35.755,1,1,332,0
332,2022-09-23 12:05:39.524,1,1,333,0
333,2022-09-23 12:06:55.341,1,1,334,0
334,2022-09-23 12:08:06.819,1,1,335,0
335,2022-09-23 12:09:05.311,1,1,336,0
336,2022-09-23 12:10:14.612,1,1,337,0
337,2022-09-23 12:11:42.423,1,1,338,0
338,2022-09-23 12:53:10.478,1,1,339,0
339,2022-09-26 07:58:15.121,0,0,340,0
340,2022-09-26 07:59:44.835,0,0,341,0
341,2022-09-26 08:01:00.201,0,0,342,0
342,2022-09-26 08:02:25.163,0,0,343,0
343,2022-09-26 08:03:48.231,0,0,344,0
344,2022-09-26 08:05:21.207,0,0,345,0
345,2022-09-26 08:06:40.257,0,0,346,0
346,2022-09-26 08:10:23.797,0,0,347,0
347,2022-09-26 08:11:38.172,0,0,348,0
348,2022-09-26 08:13:02.432,0,0,349,0
349,2022-09-26 08:14:20.954,0,0,350,0
350,2022-09-26 08:15:41.086,0,0,351,0
351,2022-09-26 08:17:03.647,0,0,352,0
352,2022-09-26 08:18:28.692,0,0,353,0
353,2022-09-26 08:19:45.994,0,0,354,0
354,2022-09-26 08:21:12.549,0,0,355,0
355,2022-09-26 08:25:14.242,0,0,356,0
356,2022-09-26 08:26:35.102,0,0,357,0
357,2022-09-26 08:28:00.979,0,0,358,0
358,2022-09-26 08:29:33.793,0,0,359,0
359,2022-09-26 08:39:43.182,0,0,360,0
360,2022-09-26 08:41:32.473,0,0,361,0
361,2022-09-26 08:42:39.766,0,0,362,0
362,2022-09-26 08:44:03.592,0,0,363,0
363,2022-09-26 08:49:15.846,0,0,364,0
364,2022-09-26 08:53:24.668,0,0,365,0
365,2022-09-26 08:54:43.763,0,0,366,0
366,2022-09-26 08:55:58.148,0,0,367,0
367,2022-09-26 08:57:41.997,0,0,368,0
368,2022-09-26 08:59:17.385,0,0,369,0
369,2022-09-26 09:00:49.986,0,0,370,0
370,2022-09-26 09:02:22.223,0,0,371,0
371,2022-09-26 09:03:51.446,0,0,372,0
372,2022-09-26 09:05:08.182,0,0,373,0
373,2022-09-26 09:10:17.810,0,0,374,0
374,2022-09-26 09:11:38.889,0,0,375,0
375,2022-09-26 09:12:47.525,0,0,376,0
376,2022-09-26 09:14:06.791,0,0,377,0
377,2022-09-26 09:15:15.891,0,0,378,0
378,2022-09-26 09:16:56.745,0,0,379,0
379,2022-09-26 09:23:51.470,0,0,380,0
380,2022-09-26 09:25:20.432,0,0,381,0
381,2022-09-26 09:26:32.773,0,0,382,0
382,2022-09-26 09:28:06.185,0,0,383,0
383,2022-09-26 09:29:29.761,0,0,384,0
384,2022-09-26 09:30:50.573,0,0,385,0
385,2022-09-26 09:34:26.677,0,0,386,0
386,2022-09-26 09:35:40.124,0,0,387,0
387,2022-09-26 09:36:51.551,0,0,388,0
388,2022-09-26 09:38:38.308,0,0,389,0
389,2022-09-26 09:40:13.723,0,0,390,0
390,2022-09-26 09:41:21.571,0,0,391,0
391,2022-09-26 09:42:33.461,0,0,392,0
392,2022-09-26 09:43:39.952,0,0,393,0
393,2022-09-26 09:44:50.126,0,0,394,0
394,2022-09-26 09:45:53.596,0,0,395,0
395,2022-09-26 09:47:01.810,0,0,396,0
396,2022-09-26 09:48:13.576,0,0,397,0
397,2022-09-26 09:49:27.023,0,0,398,0
398,2022-09-26 09:50:39.730,0,0,399,0
399,2022-09-26 09:57:33.154,0,0,400,0
400,2022-09-26 10:03:54.581,0,0,401,0
401,2022-09-26 10:05:06.963,0,0,402,0
402,2022-09-26 10:06:30.080,0,0,403,0
403,2022-09-26 10:07:43.959,0,0,404,0
404,2022-09-26 10:14:44.872,0,0,405,0
405,2022-09-26 10:16:23.791,0,0,406,0
406,2022-09-26 10:17:41.278,0,0,407,0
407,2022-09-26 10:21:20.284,0,0,408,0
408,2022-09-26 10:22:32.584,0,0,409,0
409,2022-09-26 10:23:51.246,0,0,410,0
410,2022-09-26 10:24:55.625,0,0,411,0
411,2022-09-26 10:28:06.105,0,0,412,0
412,2022-09-26 10:29:15.030,0,0,413,0
413,2022-09-26 10:30:28.381,0,0,414,0
414,2022-09-26 10:31:34.981,0,0,415,0
415,2022-09-26 10:33:11.676,0,0,416,0
416,2022-09-26 10:34:28.202,0,0,417,0
417,2022-09-26 10:35:50.395,0,0,418,0
418,2022-09-26 10:37:12.977,0,0,419,0
419,2022-09-29 10:16:29.457,0,0,420,0
420,2022-09-29 10:19:44.589,0,0,421,0
421,2022-09-29 10:21:17.147,0,0,422,0
422,2022-09-29 10:23:00.482,0,0,423,0
423,2022-09-29 10:24:30.835,0,0,424,0
424,2022-09-29 10:26:27.041,0,0,425,0
425,2022-09-29 10:28:04.378,0,0,426,0
426,2022-09-29 10:29:37.489,0,0,427,0
427,2022-09-29 10:30:58.390,0,0,428,0
428,2022-09-29 10:35:25.792,0,0,429,0
429,2022-09-29 10:37:22.718,0,0,430,0
430,2022-09-29 10:39:47.636,0,0,431,0
431,2022-09-29 10:41:23.595,0,0,432,0
432,2022-09-29 10:42:56.611,0,0,433,0
433,2022-09-29 10:44:22.678,0,0,434,0
434,2022-09-29 10:45:53.500,0,0,435,0
435,2022-09-29 10:47:24.817,0,0,436,0
436,2022-09-29 10:48:53.395,0,0,437,0
437,2022-09-29 10:50:16.062,0,0,438,0
438,2022-09-29 10:57:25.805,0,0,439,0
439,2022-09-29 10:59:20.635,0,0,440,0
440,2022-09-29 11:02:11.825,0,0,441,0
441,2022-09-29 11:03:41.433,0,0,442,0
442,2022-09-29 11:05:09.109,0,0,443,0
443,2022-09-29 11:06:53.742,0,0,444,0
444,2022-09-29 11:08:23.230,0,0,445,0
445,2022-09-29 11:09:47.356,0,0,446,0
446,2022-09-29 11:11:15.739,0,0,447,0
447,2022-09-29 11:12:28.072,0,0,448,0
448,2022-09-29 11:14:06.370,0,0,449,0
449,2022-09-29 11:15:38.328,0,0,450,0
450,2022-09-29 11:17:08.082,0,0,451,0
451,2022-09-29 11:18:44.484,0,0,452,0
452,2022-09-29 11:20:17.028,0,0,453,0
453,2022-09-29 11:22:00.258,0,0,454,0
454,2022-09-29 11:23:25.824,0,0,455,0
455,2022-09-29 11:31:13.906,0,0,456,0
456,2022-09-29 11:32:55.616,0,0,457,0
457,2022-09-29 11:36:24.794,0,0,458,0
458,2022-09-29 11:37:48.026,0,0,459,0
459,2022-09-29 11:46:51.718,0,0,460,0
460,2022-09-29 11:49:16.586,0,0,461,0
461,2022-09-30 09:19:07.687,0,0,462,0
462,2022-09-30 09:20:41.318,0,0,463,0
463,2022-09-30 09:22:02.733,0,0,464,0
464,2022-09-30 09:23:47.152,0,0,465,0
465,2022-09-30 09:25:09.060,0,0,466,0
466,2022-09-30 09:26:47.776,0,0,467,0
467,2022-09-30 09:28:12.445,0,0,468,0
468,2022-09-30 09:29:34.797,0,0,469,0
469,2022-09-30 09:31:07.210,0,0,470,0
470,2022-09-30 09:32:39.421,0,0,471,0
471,2022-09-30 09:34:21.372,0,0,472,0
472,2022-09-30 09:35:46.501,0,0,473,0
473,2022-09-30 09:37:29.357,0,0,474,0
474,2022-09-30 09:40:22.571,0,0,475,0
475,2022-09-30 09:41:55.210,0,0,476,0
476,2022-09-30 09:44:00.141,0,0,477,0
477,2022-09-30 09:45:52.927,0,0,478,0
478,2022-09-30 09:56:27.982,0,0,479,0
479,2022-09-30 10:11:18.024,0,0,480,0
480,2022-09-30 10:13:21.223,0,0,481,0
481,2022-09-30 10:14:36.792,0,0,482,0
482,2022-09-30 10:17:35.317,0,0,483,0
483,2022-09-30 10:18:51.192,0,0,484,0
484,2022-09-30 10:21:39.152,0,0,485,0
485,2022-09-30 10:23:18.176,0,0,486,0
486,2022-09-30 10:25:50.427,0,0,487,0
487,2022-09-30 10:30:18.255,0,0,488,0
488,2022-09-30 10:33:06.591,0,0,489,0
489,2022-09-30 10:34:49.359,0,0,490,0
490,2022-09-30 10:36:18.385,0,0,491,0
491,2022-09-30 10:38:16.202,0,0,492,0
492,2022-09-30 11:14:28.986,0,0,493,0
493,2022-09-30 11:15:53.042,0,0,494,0
494,2022-09-30 11:17:21.692,0,0,495,0
495,2022-10-02 01:47:40.556,1,1,496,0
496,2022-10-02 01:49:28.798,1,1,497,0
497,2022-10-02 01:51:12.075,1,1,498,0
498,2022-10-02 01:52:43.672,1,1,499,0
499,2022-10-02 01:53:57.773,1,1,500,0
500,2022-10-02 01:55:05.082,1,1,501,0
501,2022-10-02 01:56:29.687,1,1,502,0
502,2022-10-02 01:58:44.852,1,1,503,0
503,2022-10-02 03:24:32.210,1,1,504,0
504,2022-10-02 03:28:35.852,1,1,505,0
505,2022-10-02 03:30:02.438,1,1,506,0
506,2022-10-02 03:31:27.186,1,1,507,0
507,2022-10-02 03:33:12.848,1,1,508,0
508,2022-10-02 03:34:28.434,1,1,509,0
509,2022-10-02 03:35:50.542,1,1,510,0
510,2022-10-02 03:37:03.595,1,1,511,0
511,2022-10-02 03:38:17.946,1,1,512,0
512,2022-10-02 03:39:41.240,1,1,513,0
513,2022-10-02 03:40:58.771,1,1,514,0
514,2022-10-02 03:42:24.059,1,1,515,0
515,2022-10-02 03:45:18.646,1,1,516,0
516,2022-10-02 03:46:50.365,1,1,517,0
517,2022-10-02 03:48:15.491,1,1,518,0
518,2022-10-02 03:49:57.791,1,1,519,0
519,2022-10-02 03:51:27.242,1,1,520,0
520,2022-10-02 03:52:53.955,1,1,521,0
521,2022-10-02 03:55:13.578,1,1,522,0
522,2022-10-02 03:56:50.373,1,1,523,0
523,2022-10-02 03:58:30.505,1,1,524,0
524,2022-10-02 03:59:57.456,1,1,525,0
525,2022-10-02 04:01:39.339,1,1,526,0
526,2022-10-02 04:05:45.801,1,1,527,0
527,2022-10-02 04:07:21.268,1,1,528,0
528,2022-10-02 04:09:02.467,1,1,529,0
529,2022-10-02 04:10:36.280,1,1,530,0
530,2022-10-02 04:12:07.754,1,1,531,0
531,2022-10-02 04:13:42.447,1,1,532,0
532,2022-10-02 04:15:05.296,1,1,533,0
533,2022-10-02 04:16:29.022,1,1,534,0
534,2022-10-02 04:18:09.864,1,1,535,0
535,2022-10-02 04:30:16.232,1,1,536,0
536,2022-10-02 04:31:40.639,1,1,537,0
537,2022-10-02 04:33:01.505,1,1,538,0
538,2022-10-02 04:34:24.349,1,1,539,0
539,2022-10-02 04:35:44.968,1,1,540,0
540,2022-10-02 04:37:08.325,1,1,541,0
541,2022-10-02 04:38:23.015,1,1,542,0
542,2022-10-02 04:39:44.563,1,1,543,0
543,2022-10-02 04:41:10.714,1,1,544,0
544,2022-10-02 04:42:27.297,1,1,545,0
545,2022-10-02 04:44:52.192,1,1,546,0
546,2022-10-02 04:46:25.055,1,1,547,0
547,2022-10-02 04:47:42.814,1,1,548,0
548,2022-10-02 04:49:00.760,1,1,549,0
549,2022-10-02 04:50:34.337,1,1,550,0
550,2022-10-02 04:52:09.786,1,1,551,0
551,2022-10-02 04:53:36.621,1,1,552,0
552,2022-10-02 04:54:53.027,1,1,553,0
553,2022-10-02 05:02:51.204,1,1,554,0
554,2022-10-02 05:04:17.803,1,1,555,0
555,2022-10-02 05:07:44.746,1,1,556,0
556,2022-10-02 05:09:33.943,1,1,557,0
557,2022-10-02 05:10:55.162,1,1,558,0
558,2022-10-02 05:13:33.156,1,1,559,0
559,2022-10-02 05:15:40.782,1,1,560,0
560,2022-10-02 05:17:23.873,1,1,561,0
561,2022-10-02 05:18:48.916,1,1,562,0
562,2022-10-02 05:20:29.023,1,1,563,0
563,2022-10-02 05:23:18.647,1,1,564,0
564,2022-10-02 05:25:40.490,1,1,565,0
565,2022-10-02 05:27:24.315,1,1,566,0
566,2022-10-02 05:29:28.217,1,1,567,0
567,2022-10-02 05:34:34.904,1,1,568,0
568,2022-10-02 05:36:12.034,1,1,569,0
569,2022-10-02 05:38:11.385,1,1,570,0
570,2022-10-02 05:40:17.006,1,1,571,0
571,2022-10-02 05:41:51.641,1,1,572,0
572,2022-10-02 05:43:19.620,1,1,573,0
573,2022-10-02 05:45:01.804,1,1,574,0
574,2022-10-02 05:46:27.766,1,1,575,0
575,2022-10-04 01:02:18.648,1,1,576,0
576,2022-10-04 01:20:13.995,1,1,577,0
577,2022-10-04 01:22:00.363,1,1,578,0
578,2022-10-04 01:25:37.834,1,1,579,0
579,2022-10-04 01:27:18.805,1,1,580,0
580,2022-10-04 01:29:24.042,1,1,581,0
581,2022-10-04 01:32:23.319,1,1,582,0
582,2022-10-04 01:36:02.623,1,1,583,0
583,2022-10-04 01:38:29.300,1,1,584,0
584,2022-10-04 01:40:38.200,1,1,585,0
585,2022-10-04 01:42:38.566,1,1,586,0
586,2022-10-04 01:44:52.616,1,1,587,0
587,2022-10-04 01:49:27.712,1,1,588,0
588,2022-10-04 01:52:48.100,1,1,589,0
589,2022-10-04 12:03:44.918,1,1,590,0
590,2022-10-04 12:07:32.517,1,1,591,0
591,2022-10-04 12:12:08.952,1,1,592,0
592,2022-10-04 12:14:30.074,1,1,593,0
593,2022-10-04 12:16:14.806,1,1,594,0
594,2022-10-04 12:21:00.102,1,1,595,0
595,2022-10-04 12:22:47.217,1,1,596,0
596,2022-10-04 12:24:52.809,1,1,597,0
597,2022-10-04 12:27:02.412,1,1,598,0
598,2022-10-04 12:29:52.254,1,1,599,0
599,2022-10-04 12:50:08.704,1,1,600,0
600,2022-10-04 12:57:54.279,1,1,601,0
601,2022-10-06 11:16:55.990,1,1,602,0
602,2022-10-06 11:53:11.885,1,1,603,0
603,2022-10-06 11:55:27.862,1,1,604,0
604,2022-10-06 11:58:11.020,1,1,605,0
605,2022-10-06 11:59:55.454,1,1,606,0
606,2022-10-06 12:02:03.577,1,1,607,0
607,2022-10-06 12:04:59.797,1,1,608,0
608,2022-10-06 12:11:12.985,1,1,609,0
609,2022-10-06 12:14:01.710,1,1,610,0
610,2022-10-06 12:20:21.093,1,1,611,0
611,2022-10-06 12:22:22.254,1,1,612,0
612,2022-10-06 12:24:37.862,1,1,613,0
613,2022-10-06 12:26:57.442,1,1,614,0
614,2022-10-07 01:53:05.142,1,1,615,0
615,2022-10-07 01:56:06.976,1,1,616,0
616,2022-10-07 01:58:59.064,1,1,617,0
617,2022-10-07 02:04:38.309,1,1,618,0
618,2022-10-07 02:07:00.552,1,1,619,0
619,2022-10-07 02:10:06.559,1,1,620,0
620,2022-10-07 02:11:57.182,1,1,621,0
621,2022-10-07 02:13:49.596,1,1,622,0
622,2022-10-07 02:15:51.719,1,1,623,0
623,2022-10-07 02:18:35.804,1,1,624,0
624,2022-10-07 02:20:27.869,1,1,625,0
625,2022-10-07 02:22:19.820,1,1,626,0
626,2022-10-07 02:25:25.356,1,1,627,0
627,2022-10-07 02:28:27.021,1,1,628,0
628,2022-10-07 02:32:08.319,1,1,629,0
629,2022-10-07 02:35:47.703,1,1,630,0
630,2022-10-07 02:40:12.816,1,1,631,0
631,2022-10-07 02:41:58.143,1,1,632,0
632,2022-10-07 02:44:20.355,1,1,633,0
633,2022-10-07 02:47:02.033,1,1,634,0
634,2022-10-07 11:12:04.402,1,1,635,0
635,2022-10-07 11:14:21.629,1,1,636,0
636,2022-10-07 11:16:32.794,1,1,637,0
637,2022-10-07 11:19:10.275,1,1,638,0
638,2022-10-07 11:34:12.532,1,1,639,0
639,2022-10-07 11:36:08.346,1,1,640,0
640,2022-10-07 11:38:21.675,1,1,641,0
641,2022-10-07 11:41:40.824,1,1,642,0
642,2022-10-07 11:43:45.040,1,1,643,0
643,2022-10-07 11:45:47.045,1,1,644,0
644,2022-10-07 11:48:47.004,1,1,645,0
645,2022-10-07 11:51:17.635,1,1,646,0
646,2022-10-07 11:53:24.343,1,1,647,0
647,2022-10-07 11:56:00.782,1,1,648,0
648,2022-10-07 12:00:22.721,1,1,649,0
649,2022-10-07 12:02:44.126,1,1,650,0
650,2022-10-07 12:05:08.711,1,1,651,0
651,2022-10-07 12:08:05.002,1,1,652,0
652,2022-10-07 12:10:12.489,1,1,653,0
653,2022-10-07 12:12:34.633,1,1,654,0
654,2022-10-11 10:11:22.008,1,1,655,0
655,2022-10-11 10:18:59.670,1,1,656,0
656,2022-10-11 10:28:06.623,1,1,657,0
657,2022-10-11 10:32:20.319,1,1,658,0
658,2022-10-11 10:35:03.673,1,1,659,0
659,2022-10-11 10:36:55.616,1,1,660,0
660,2022-10-11 10:38:29.734,1,1,661,0
661,2022-10-11 10:42:18.794,1,1,662,0
662,2022-10-11 10:43:38.075,1,1,663,0
663,2022-10-11 10:46:27.932,1,1,664,0
664,2022-10-11 10:48:05.580,1,1,665,0
665,2022-10-11 10:49:33.920,1,1,666,0
666,2022-10-11 10:51:10.044,1,1,667,0
667,2022-10-11 10:52:33.480,1,1,668,0
668,2022-10-11 10:54:53.958,1,1,669,0
669,2022-10-11 10:56:27.178,1,1,670,0
670,2022-10-11 10:57:47.235,1,1,671,0
671,2022-10-11 10:59:21.333,1,1,672,0
672,2022-10-11 11:03:07.994,1,1,673,0
673,2022-10-11 11:08:17.928,1,1,674,0
674,2022-10-11 11:10:06.039,1,1,675,0
675,2022-10-11 11:21:38.514,1,1,676,0
676,2022-10-11 11:23:09.660,1,1,677,0
677,2022-10-11 11:26:23.964,1,1,678,0
678,2022-10-11 11:28:32.310,1,1,679,0
679,2022-10-11 11:30:53.435,1,1,680,0
680,2022-10-11 11:32:15.161,1,1,681,0
681,2022-10-11 11:38:08.480,1,1,682,0
682,2022-10-11 11:39:33.530,1,1,683,0
683,2022-10-11 11:40:50.743,1,1,684,0
684,2022-10-11 11:42:25.729,1,1,685,0
685,2022-10-11 11:43:50.881,1,1,686,0
686,2022-10-11 11:45:34.990,1,1,687,0
687,2022-10-11 11:47:10.552,1,1,688,0
688,2022-10-11 11:54:17.670,1,1,689,0
689,2022-10-11 11:56:23.471,1,1,690,0
690,2022-10-11 11:57:54.912,1,1,691,0
691,2022-10-11 12:03:11.564,1,1,692,0
692,2022-10-15 11:37:47.092,1,1,693,0
693,2022-10-15 11:46:01.125,1,1,694,0
694,2022-10-15 11:47:20.445,1,1,695,0
695,2022-10-15 11:49:30.844,1,1,696,0
696,2022-10-15 11:52:34.685,1,1,697,0
697,2022-10-15 11:55:42.814,1,1,698,0
698,2022-10-15 11:57:28.830,1,1,699,0
699,2022-10-15 12:00:18.936,1,1,700,0
700,2022-10-15 12:02:29.611,1,1,701,0
701,2022-10-15 12:03:50.544,1,1,702,0
702,2022-10-15 12:06:06.512,1,1,703,0
703,2022-10-15 12:07:42.051,1,1,704,0
704,2022-10-15 12:09:08.424,1,1,705,0
705,2022-10-15 12:11:15.420,1,1,706,0
706,2022-10-15 12:12:43.984,1,1,707,0
707,2022-10-15 12:14:40.073,1,1,708,0
708,2022-10-15 12:16:48.891,1,1,709,0
709,2022-10-15 12:19:02.675,1,1,710,0
710,2022-10-15 12:20:49.139,1,1,711,0
711,2022-10-15 12:22:43.484,1,1,712,0
712,2022-10-16 03:41:18.155,1,1,713,0
713,2022-10-16 03:42:36.511,1,1,714,0
714,2022-10-16 03:44:11.603,1,1,715,0
715,2022-10-16 03:45:20.473,1,1,716,0
716,2022-10-16 03:46:34.237,1,1,717,0
717,2022-10-16 03:47:49.546,1,1,718,0
718,2022-10-16 03:48:59.310,1,1,719,0
719,2022-10-16 03:50:07.827,1,1,720,0
720,2022-10-16 03:51:25.804,1,1,721,0
721,2022-10-16 03:52:38.582,1,1,722,0
722,2022-10-16 03:53:44.723,1,1,723,0
723,2022-10-16 03:55:09.325,1,1,724,0
724,2022-10-16 03:56:36.407,1,1,725,0
725,2022-10-16 03:57:51.647,1,1,726,0
726,2022-10-16 03:59:18.514,1,1,727,0
727,2022-10-16 04:00:36.886,1,1,728,0
728,2022-10-16 04:01:50.501,1,1,729,0
729,2022-10-16 04:02:59.853,1,1,730,0
730,2022-10-16 04:04:13.777,1,1,731,0
731,2022-10-16 04:05:39.485,1,1,732,0
732,2022-10-16 04:07:49.244,1,1,733,0
733,2022-10-16 04:10:29.385,1,1,734,0
734,2022-10-16 04:11:49.987,1,1,735,0
735,2022-10-16 04:13:18.551,1,1,736,0
736,2022-10-16 04:14:32.742,1,1,737,0
737,2022-10-16 04:15:38.699,1,1,738,0
738,2022-10-16 04:20:27.357,1,1,739,0
739,2022-10-16 04:21:41.618,1,1,740,0
740,2022-10-16 04:22:46.915,1,1,741,0
741,2022-10-16 04:23:48.698,1,1,742,0
742,2022-10-16 04:25:18.853,1,1,743,0
743,2022-10-16 04:26:33.639,1,1,744,0
744,2022-10-16 04:27:40.163,1,1,745,0
745,2022-10-16 04:29:12.598,1,1,746,0
746,2022-10-16 04:30:19.385,1,1,747,0
747,2022-10-16 04:31:34.577,1,1,748,0
748,2022-10-16 04:32:53.363,1,1,749,0
749,2022-10-16 04:35:53.201,1,1,750,0
750,2022-10-16 04:37:20.078,1,1,751,0
751,2022-10-16 04:38:38.280,1,1,752,0
752,2022-10-16 04:42:53.199,1,1,753,0
753,2022-10-16 04:44:01.464,1,1,754,0
754,2022-10-16 04:45:18.968,1,1,755,0
755,2022-10-16 04:46:27.444,1,1,756,0
756,2022-10-16 04:47:48.318,1,1,757,0
757,2022-10-16 04:49:21.469,1,1,758,0
758,2022-10-16 04:53:50.510,1,1,759,0
759,2022-10-16 04:55:07.189,1,1,760,0
760,2022-10-16 04:56:25.627,1,1,761,0
761,2022-10-16 04:57:42.162,1,1,762,0
762,2022-10-16 04:58:53.537,1,1,763,0
763,2022-10-16 05:00:10.191,1,1,764,0
764,2022-10-16 05:01:38.580,1,1,765,0
765,2022-10-16 05:02:59.872,1,1,766,0
766,2022-10-16 05:04:18.777,1,1,767,0
767,2022-10-16 05:05:40.379,1,1,768,0
768,2022-10-16 05:07:15.777,1,1,769,0
769,2022-10-16 05:08:35.037,1,1,770,0
770,2022-10-16 05:10:03.549,1,1,771,0
771,2022-10-16 05:11:23.013,1,1,772,0
772,2022-10-16 05:25:29.013,1,1,773,0
773,2022-10-16 05:26:46.501,1,1,774,0
774,2022-10-16 05:28:12.822,1,1,775,0
775,2022-10-16 05:29:18.710,1,1,776,0
776,2022-10-16 05:31:11.919,1,1,777,0
777,2022-10-16 05:32:18.912,1,1,778,0
778,2022-10-16 05:33:26.621,1,1,779,0
779,2022-10-16 05:34:37.497,1,1,780,0
780,2022-10-16 05:35:45.502,1,1,781,0
781,2022-10-16 05:39:08.515,1,1,782,0
782,2022-10-16 05:40:35.872,1,1,783,0
783,2022-10-16 05:41:50.681,1,1,784,0
784,2022-10-16 05:43:08.488,1,1,785,0
785,2022-10-16 05:44:21.714,1,1,786,0
786,2022-10-16 05:45:38.755,1,1,787,0
787,2022-10-16 05:47:07.185,1,1,788,0
788,2022-10-16 05:48:21.173,1,1,789,0
789,2022-10-16 05:49:28.676,1,1,790,0
790,2022-10-16 05:51:34.767,1,1,791,0
791,2022-10-16 05:52:44.299,1,1,792,0
792,2022-10-16 10:01:55.102,1,1,793,0
793,2022-10-16 10:03:54.387,1,1,794,0
794,2022-10-16 10:05:24.549,1,1,795,0
795,2022-10-16 10:07:10.129,1,1,796,0
796,2022-10-16 10:08:44.826,1,1,797,0
797,2022-10-16 10:10:23.018,1,1,798,0
798,2022-10-16 10:15:36.851,1,1,799,0
799,2022-10-16 10:17:39.476,1,1,800,0
800,2022-10-16 10:19:58.118,1,1,801,0
801,2022-10-16 10:22:23.835,1,1,802,0
802,2022-10-16 10:24:45.861,1,1,803,0
803,2022-10-16 10:27:23.392,1,1,804,0
804,2022-10-16 10:29:06.120,1,1,805,0
805,2022-10-16 10:31:05.492,1,1,806,0
806,2022-10-16 10:34:10.967,1,1,807,0
807,2022-10-16 10:36:44.480,1,1,808,0
808,2022-10-16 10:37:58.547,1,1,809,0
809,2022-10-16 10:39:32.312,1,1,810,0
810,2022-10-16 10:41:06.169,1,1,811,0
811,2022-10-16 10:42:43.275,1,1,812,0
812,2022-10-20 01:06:54.749,0,0,813,0
813,2022-10-20 01:08:34.796,0,0,814,0
814,2022-10-20 01:09:55.981,0,0,815,0
815,2022-10-20 01:11:38.714,0,0,816,0
816,2022-10-20 01:13:31.933,0,0,817,0
817,2022-10-20 01:16:48.440,0,0,818,0
818,2022-10-20 01:19:49.770,0,0,819,0
819,2022-10-20 01:21:34.247,0,0,820,0
820,2022-10-20 01:22:54.634,0,0,821,0
821,2022-10-20 01:24:24.226,0,0,822,0
822,2022-10-20 01:25:58.734,0,0,823,0
823,2022-10-20 01:27:54.959,0,0,824,0
824,2022-10-20 01:29:18.124,0,0,825,0
825,2022-10-20 01:33:05.271,0,0,826,0
826,2022-10-20 01:34:28.612,0,0,827,0
827,2022-10-20 01:36:08.575,0,0,828,0
828,2022-10-20 01:37:46.818,0,0,829,0
829,2022-10-20 01:39:47.246,0,0,830,0
830,2022-10-20 02:06:45.348,0,0,831,0
831,2022-10-20 02:09:47.991,0,0,832,0
832,2022-10-20 02:13:15.311,0,0,833,0
833,2022-10-20 02:14:35.498,0,0,834,0
834,2022-10-20 02:16:03.669,0,0,835,0
835,2022-10-20 02:17:19.194,0,0,836,0
836,2022-10-20 02:18:51.852,0,0,837,0
837,2022-10-20 02:20:17.909,0,0,838,0
838,2022-10-20 02:22:20.110,0,0,839,0
839,2022-10-20 02:23:48.157,0,0,840,0
840,2022-10-20 02:25:43.671,0,0,841,0
841,2022-10-20 02:27:18.132,0,0,842,0
842,2022-10-20 02:28:53.589,0,0,843,0
843,2022-10-20 02:30:44.311,0,0,844,0
844,2022-10-20 02:32:09.909,0,0,845,0
845,2022-10-20 02:35:44.796,0,0,846,0
846,2022-10-20 02:38:44.920,0,0,847,0
847,2022-10-20 02:40:39.937,0,0,848,0
848,2022-10-20 02:42:17.279,0,0,849,0
849,2022-10-20 02:43:45.473,0,0,850,0
850,2022-10-20 11:33:51.685,0,0,851,0
851,2022-10-20 11:35:40.359,0,0,852,0
852,2022-10-20 11:36:55.538,0,0,853,0
853,2022-10-20 11:38:17.850,0,0,854,0
854,2022-10-20 11:39:45.376,0,0,855,0
855,2022-10-20 11:41:17.096,0,0,856,0
856,2022-10-20 11:42:51.161,0,0,857,0
857,2022-10-20 11:44:21.942,0,0,858,0
858,2022-10-20 11:45:43.290,0,0,859,0
859,2022-10-20 11:47:38.302,0,0,860,0
860,2022-10-20 11:49:12.108,0,0,861,0
861,2022-10-20 11:54:15.993,0,0,862,0
862,2022-10-20 12:00:41.532,0,0,863,0
863,2022-10-20 12:02:11.832,0,0,864,0
864,2022-10-20 12:03:45.350,0,0,865,0
865,2022-10-20 12:05:20.002,0,0,866,0
866,2022-10-20 12:06:47.147,0,0,867,0
867,2022-10-20 12:08:13.019,0,0,868,0
868,2022-10-20 12:10:03.738,0,0,869,0
869,2022-10-20 12:11:34.150,0,0,870,0
870,2022-10-20 12:22:01.835,0,0,871,0
871,2022-10-20 12:23:52.236,0,0,872,0
872,2022-10-21 10:09:02.341,0,0,873,0
873,2022-10-21 10:56:07.235,0,0,874,0
874,2022-10-21 10:57:32.393,0,0,875,0
875,2022-10-21 10:58:56.030,0,0,876,0
876,2022-10-21 11:01:35.722,0,0,877,0
877,2022-10-21 11:02:56.064,0,0,878,0
878,2022-10-21 11:04:23.615,0,0,879,0
879,2022-10-21 11:05:51.311,0,0,880,0
880,2022-10-21 11:07:34.180,0,0,881,0
881,2022-10-21 11:09:49.706,0,0,882,0
882,2022-10-21 11:11:42.931,0,0,883,0
883,2022-10-21 11:13:14.316,0,0,884,0
884,2022-10-21 11:15:08.942,0,0,885,0
885,2022-10-21 11:16:36.096,0,0,886,0
886,2022-10-21 11:18:03.294,0,0,887,0
887,2022-10-21 11:21:03.279,0,0,888,0
888,2022-10-21 11:22:35.232,0,0,889,0
889,2022-10-21 11:24:00.098,0,0,890,0
890,2022-10-21 11:25:25.704,0,0,891,0
891,2022-10-21 11:27:04.877,0,0,892,0
892,2022-10-21 11:43:07.648,0,0,893,0
893,2022-10-21 11:45:07.260,0,0,894,0
894,2022-10-21 11:46:42.901,0,0,895,0
895,2022-10-21 11:48:13.905,0,0,896,0
896,2022-10-21 11:50:07.045,0,0,897,0
897,2022-10-21 11:51:55.670,0,0,898,0
898,2022-10-21 11:53:20.996,0,0,899,0
899,2022-10-21 11:54:42.608,0,0,900,0
900,2022-10-21 11:56:59.125,0,0,901,0
901,2022-10-21 11:59:03.790,0,0,902,0
902,2022-10-21 12:07:58.444,0,0,903,0
903,2022-10-21 12:09:37.514,0,0,904,0
904,2022-10-21 12:10:57.608,0,0,905,0
905,2022-10-21 12:12:18.778,0,0,906,0
906,2022-10-21 12:14:11.196,0,0,907,0
907,2022-10-21 12:16:06.702,0,0,908,0
908,2022-10-21 12:17:47.987,0,0,909,0
909,2022-10-21 12:20:17.718,0,0,910,0
910,2022-10-21 12:22:59.292,0,0,911,0
911,2022-10-21 12:24:34.694,0,0,912,0
912,2022-10-27 02:00:54.939,1,1,913,0
913,2022-10-27 02:02:23.111,1,1,914,0
914,2022-10-27 02:03:51.845,1,1,915,0
915,2022-10-27 02:05:17.565,1,1,916,0
916,2022-10-27 02:07:20.211,1,1,917,0
917,2022-10-27 02:25:08.196,1,1,918,0
918,2022-10-27 02:27:05.480,1,1,919,0
919,2022-10-27 02:28:28.011,1,1,920,0
920,2022-10-27 02:30:00.057,1,1,921,0
921,2022-10-27 02:31:56.574,1,1,922,0
922,2022-10-27 02:33:11.464,1,1,923,0
923,2022-10-27 02:37:02.394,1,1,924,0
924,2022-10-27 02:38:23.885,1,1,925,0
925,2022-10-27 02:40:24.017,1,1,926,0
926,2022-10-27 02:41:39.643,1,1,927,0
927,2022-10-27 02:43:25.695,1,1,928,0
928,2022-10-27 02:44:51.336,1,1,929,0
929,2022-10-27 02:47:06.115,1,1,930,0
930,2022-10-27 02:48:38.254,1,1,931,0
931,2022-10-27 02:50:17.623,1,1,932,0
932,2022-10-27 02:52:08.906,1,1,933,0
933,2022-10-27 02:53:42.360,1,1,934,0
934,2022-10-27 02:55:12.033,1,1,935,0
935,2022-10-27 02:56:32.753,1,1,936,0
936,2022-10-27 02:57:55.504,1,1,937,0
937,2022-10-27 03:06:23.534,1,1,938,0
938,2022-10-27 03:08:54.954,1,1,939,0
939,2022-10-27 05:28:13.022,1,1,940,0
940,2022-10-27 05:29:31.577,1,1,941,0
941,2022-10-27 05:32:59.215,1,1,942,0
942,2022-10-27 05:34:23.585,1,1,943,0
943,2022-10-27 05:36:39.270,1,1,944,0
944,2022-10-27 05:38:15.523,1,1,945,0
945,2022-10-27 05:39:29.225,1,1,946,0
946,2022-10-27 05:40:59.103,1,1,947,0
947,2022-10-27 05:42:27.666,1,1,948,0
948,2022-10-27 05:44:32.737,1,1,949,0
949,2022-10-27 05:46:59.417,1,1,950,0
950,2022-10-27 05:48:45.401,1,1,951,0
951,2022-10-27 05:50:20.462,1,1,952,0
952,2022-10-27 05:51:45.859,1,1,953,0
953,2022-10-27 05:53:13.703,1,1,954,0
954,2022-10-27 05:54:48.845,1,1,955,0
955,2022-10-27 05:56:06.560,1,1,956,0
956,2022-10-27 05:57:23.940,1,1,957,0
957,2022-10-27 10:49:13.284,1,1,958,0
958,2022-10-27 10:51:07.815,1,1,959,0
959,2022-10-27 10:52:45.706,1,1,960,0
960,2022-10-27 10:54:13.939,1,1,961,0
961,2022-10-27 10:55:46.409,1,1,962,0
962,2022-10-27 10:57:35.443,1,1,963,0
963,2022-10-27 10:58:46.781,1,1,964,0
964,2022-10-27 11:00:28.691,1,1,965,0
965,2022-10-27 11:02:22.199,1,1,966,0
966,2022-10-27 11:03:49.523,1,1,967,0
967,2022-10-27 11:05:20.241,1,1,968,0
968,2022-10-27 11:51:23.566,1,1,969,0
969,2022-10-27 11:53:46.508,1,1,970,0
970,2022-10-27 11:55:06.387,1,1,971,0
971,2022-10-27 11:56:42.494,1,1,972,0
972,2022-10-30 04:47:19.064,1,1,973,0
973,2022-10-30 04:48:45.863,1,1,974,0
974,2022-10-30 04:50:03.201,1,1,975,0
975,2022-10-30 04:51:26.805,1,1,976,0
976,2022-10-30 04:52:51.839,1,1,977,0
977,2022-10-30 04:54:21.761,1,1,978,0
978,2022-10-30 04:56:21.158,1,1,979,0
979,2022-10-30 04:57:39.680,1,1,980,0
980,2022-10-30 04:59:01.967,1,1,981,0
981,2022-10-30 05:00:30.035,1,1,982,0
982,2022-10-30 05:01:52.583,1,1,983,0
983,2022-10-30 05:03:32.534,1,1,984,0
984,2022-10-30 05:05:06.724,1,1,985,0
985,2022-10-30 05:06:43.210,1,1,986,0
986,2022-10-30 05:08:50.247,1,1,987,0
987,2022-10-30 05:10:19.486,1,1,988,0
988,2022-10-30 05:12:03.385,1,1,989,0
989,2022-10-30 05:13:26.774,1,1,990,0
990,2022-10-30 05:14:56.377,1,1,991,0
991,2022-10-30 05:16:23.257,1,1,992,0
992,2022-10-30 05:29:14.057,1,1,993,0
993,2022-10-30 05:31:06.863,1,1,994,0
994,2022-10-30 05:32:30.584,1,1,995,0
995,2022-10-30 05:34:29.426,1,1,996,0
996,2022-10-30 05:36:01.268,1,1,997,0
997,2022-10-30 05:40:46.124,1,1,998,0
998,2022-10-30 05:45:28.720,1,1,999,0
999,2022-10-30 05:47:43.770,1,1,1000,0
1000,2022-10-30 05:49:11.000,1,1,1001,0
1001,2022-10-30 05:51:24.372,1,1,1002,0
1002,2022-10-30 05:55:08.584,1,1,1003,0
1003,2022-10-30 05:57:14.471,1,1,1004,0
1004,2022-10-30 06:08:43.761,1,1,1005,0
1005,2022-10-30 06:10:21.545,1,1,1006,0
1006,2022-10-30 06:11:59.922,1,1,1007,0
1007,2022-10-30 06:14:05.451,1,1,1008,0
1008,2022-10-30 06:15:30.257,1,1,1009,0
1009,2022-10-30 06:17:03.897,1,1,1010,0
1010,2022-10-30 06:18:32.673,1,1,1011,0
1011,2022-10-30 06:20:37.545,1,1,1012,0
1012,2022-10-30 06:44:06.741,1,1,1013,0
1013,2022-10-30 06:49:34.996,1,1,1014,0
1014,2022-10-30 06:51:37.518,1,1,1015,0
1015,2022-10-30 06:54:10.942,1,1,1016,0
1016,2022-10-30 06:55:18.181,1,1,1017,0
1017,2022-10-30 06:56:58.350,1,1,1018,0
1018,2022-10-30 06:58:15.669,1,1,1019,0
1019,2022-10-30 06:59:23.792,1,1,1020,0
1020,2022-10-30 07:01:32.581,1,1,1021,0
1021,2022-10-30 07:03:06.237,1,1,1022,0
1022,2022-10-30 07:04:28.341,1,1,1023,0
1023,2022-10-30 07:05:41.693,1,1,1024,0
1024,2022-10-30 07:07:08.112,1,1,1025,0
1025,2022-10-30 07:22:09.159,1,1,1026,0
1026,2022-10-30 07:23:16.965,1,1,1027,0
1027,2022-10-30 07:24:29.060,1,1,1028,0
1028,2022-10-30 07:25:31.840,1,1,1029,0
1029,2022-10-30 07:26:37.713,1,1,1030,0
1030,2022-10-30 07:27:48.983,1,1,1031,0
1031,2022-10-30 07:28:53.822,1,1,1032,0
1032,2022-10-30 07:33:01.104,1,1,1033,0
1033,2022-10-30 07:34:50.416,1,1,1034,0
1034,2022-10-30 07:35:58.442,1,1,1035,0
1035,2022-10-30 07:37:02.345,1,1,1036,0
1036,2022-10-30 07:38:07.742,1,1,1037,0
1037,2022-10-30 07:39:26.897,1,1,1038,0
1038,2022-10-30 07:40:28.374,1,1,1039,0
1039,2022-10-30 07:41:30.384,1,1,1040,0
1040,2022-10-30 07:42:30.726,1,1,1041,0
1041,2022-10-30 07:43:46.206,1,1,1042,0
1042,2022-10-30 07:45:09.445,1,1,1043,0
1043,2022-10-30 07:46:18.091,1,1,1044,0
1044,2022-10-30 07:47:25.120,1,1,1045,0
1045,2022-10-30 07:49:12.394,1,1,1046,0
1046,2022-10-30 07:51:12.730,1,1,1047,0
1047,2022-10-30 07:52:18.139,1,1,1048,0
1048,2022-10-30 07:53:37.967,1,1,1049,0
1049,2022-10-30 07:54:39.972,1,1,1050,0
1050,2022-10-30 07:55:42.439,1,1,1051,0
1051,2022-10-30 07:56:47.849,1,1,1052,0
1052,2022-10-30 08:00:02.194,1,1,1053,0
1053,2022-10-30 08:01:20.134,1,1,1054,0
1054,2022-10-30 08:02:28.482,1,1,1055,0
1055,2022-10-30 08:03:30.830,1,1,1056,0
1056,2022-10-30 08:04:37.135,1,1,1057,0
1057,2022-10-30 08:06:18.436,1,1,1058,0
1058,2022-10-30 08:07:28.749,1,1,1059,0
1059,2022-10-30 08:08:49.331,1,1,1060,0
1060,2022-10-30 08:10:24.568,1,1,1061,0
1061,2022-10-30 08:11:50.956,1,1,1062,0
1062,2022-10-30 08:13:00.586,1,1,1063,0
1063,2022-10-30 08:14:05.411,1,1,1064,0
1064,2022-10-30 08:15:13.415,1,1,1065,0
1065,2022-10-30 08:16:44.446,1,1,1066,0
1066,2022-10-30 08:18:26.267,1,1,1067,0
1067,2022-10-30 08:21:08.460,1,1,1068,0
1068,2022-10-30 08:22:17.137,1,1,1069,0
1069,2022-10-30 08:23:38.940,1,1,1070,0
1070,2022-10-30 08:25:12.892,1,1,1071,0
1071,2022-10-30 08:28:02.268,1,1,1072,0
1072,2022-10-30 08:46:54.841,1,1,1073,0
1073,2022-10-30 08:49:32.528,1,1,1074,0
1074,2022-10-30 08:51:15.178,1,1,1075,0
1075,2022-10-30 08:52:57.301,1,1,1076,0
1076,2022-10-30 08:55:05.293,1,1,1077,0
1077,2022-10-30 08:57:07.215,1,1,1078,0
1078,2022-10-30 08:59:13.248,1,1,1079,0
1079,2022-10-30 09:01:10.799,1,1,1080,0
1080,2022-10-30 09:03:16.863,1,1,1081,0
1081,2022-10-30 09:05:03.926,1,1,1082,0
1082,2022-10-30 09:08:37.223,1,1,1083,0
1083,2022-10-30 09:10:28.506,1,1,1084,0
1084,2022-10-30 09:12:22.551,1,1,1085,0
1085,2022-10-30 09:14:02.654,1,1,1086,0
1086,2022-10-30 09:15:52.528,1,1,1087,0
1087,2022-10-30 09:17:51.130,1,1,1088,0
1088,2022-10-30 09:19:48.922,1,1,1089,0
1089,2022-10-30 09:21:45.239,1,1,1090,0
1090,2022-10-30 09:23:50.658,1,1,1091,0
1091,2022-10-30 09:25:37.663,1,1,1092,0
1092,2022-11-01 01:00:34.638,1,1,1093,0
1093,2022-11-01 01:01:49.044,1,1,1094,0
1094,2022-11-01 01:03:04.717,1,1,1095,0
1095,2022-11-01 01:04:24.339,1,1,1096,0
1096,2022-11-01 01:05:50.156,1,1,1097,0
1097,2022-11-01 01:07:10.959,1,1,1098,0
1098,2022-11-01 01:08:19.099,1,1,1099,0
1099,2022-11-01 01:09:38.289,1,1,1100,0
1100,2022-11-01 11:18:27.873,1,1,1101,0
1101,2022-11-01 12:05:35.302,1,1,1102,0
1102,2022-11-01 12:07:01.856,1,1,1103,0
1103,2022-11-01 12:08:04.516,1,1,1104,0
1104,2022-11-01 12:09:05.697,1,1,1105,0
1105,2022-11-01 12:10:40.868,1,1,1106,0
1106,2022-11-01 12:11:47.634,1,1,1107,0
1107,2022-11-01 12:12:51.182,1,1,1108,0
1108,2022-11-01 12:13:56.482,1,1,1109,0
1109,2022-11-01 12:14:57.108,1,1,1110,0
1110,2022-11-01 12:16:11.545,1,1,1111,0
1111,2022-11-01 12:59:05.372,1,1,1112,0
1112,2022-11-07 01:48:30.416,1,1,1113,0
1113,2022-11-07 01:51:36.531,1,1,1114,0
1114,2022-11-07 01:53:09.364,1,1,1115,0
1115,2022-11-07 01:54:43.310,1,1,1116,0
1116,2022-11-07 01:56:01.733,1,1,1117,0
1117,2022-11-07 01:57:37.198,1,1,1118,0
1118,2022-11-07 02:02:41.798,1,1,1119,0
1119,2022-11-07 02:04:30.589,1,1,1120,0
1120,2022-11-07 02:06:30.250,1,1,1121,0
1121,2022-11-07 02:07:56.126,1,1,1122,0
1122,2022-11-07 02:13:11.735,1,1,1123,0
1123,2022-11-07 02:14:29.325,1,1,1124,0
1124,2022-11-07 02:15:58.732,1,1,1125,0
1125,2022-11-07 02:17:23.077,1,1,1126,0
1126,2022-11-07 02:18:40.268,1,1,1127,0
1127,2022-11-07 02:20:16.534,1,1,1128,0
1128,2022-11-07 02:21:40.510,1,1,1129,0
1129,2022-11-07 02:24:11.835,1,1,1130,0
1130,2022-11-07 02:26:03.020,1,1,1131,0
1131,2022-11-07 02:27:35.252,1,1,1132,0
1132,2022-11-07 02:28:57.952,1,1,1133,0
1133,2022-11-07 02:30:50.996,1,1,1134,0
1134,2022-11-07 02:33:14.401,1,1,1135,0
1135,2022-11-07 02:34:45.076,1,1,1136,0
1136,2022-11-07 02:36:23.058,1,1,1137,0
1137,2022-11-07 02:37:44.906,1,1,1138,0
1138,2022-11-07 04:12:41.954,1,1,1139,0
1139,2022-11-07 04:16:18.511,1,1,1140,0
1140,2022-11-07 04:28:02.892,1,1,1141,0
1141,2022-11-07 04:29:37.481,1,1,1142,0
1142,2022-11-07 04:31:08.912,1,1,1143,0
1143,2022-11-07 04:38:35.765,1,1,1144,0
1144,2022-11-07 04:41:00.683,1,1,1145,0
1145,2022-11-07 04:44:26.674,1,1,1146,0
1146,2022-11-07 04:46:00.031,1,1,1147,0
1147,2022-11-07 04:47:34.186,1,1,1148,0
1148,2022-11-07 04:48:53.897,1,1,1149,0
1149,2022-11-07 04:50:23.920,1,1,1150,0
1150,2022-11-07 05:01:27.162,1,1,1151,0
1151,2022-11-07 05:03:39.605,1,1,1152,0
1152,2022-11-07 05:05:07.578,1,1,1153,0
1153,2022-11-07 05:06:38.422,1,1,1154,0
1154,2022-11-07 05:08:04.485,1,1,1155,0
1155,2022-11-07 05:10:26.829,1,1,1156,0
1156,2022-11-07 05:12:07.932,1,1,1157,0
1157,2022-11-07 05:13:32.942,1,1,1158,0
1158,2022-11-07 06:02:42.685,1,1,1159,0
1159,2022-11-07 06:04:09.453,1,1,1160,0
1160,2022-11-07 06:05:30.403,1,1,1161,0
1161,2022-11-07 06:06:47.217,1,1,1162,0
1162,2022-11-07 06:08:03.815,1,1,1163,0
1163,2022-11-07 06:10:53.373,1,1,1164,0
1164,2022-11-07 06:12:16.997,1,1,1165,0
1165,2022-11-07 06:13:31.316,1,1,1166,0
1166,2022-11-07 06:23:08.487,1,1,1167,0
1167,2022-11-07 06:24:52.679,1,1,1168,0
1168,2022-11-07 06:26:23.733,1,1,1169,0
1169,2022-11-07 06:27:43.875,1,1,1170,0
1170,2022-11-07 06:29:02.846,1,1,1171,0
1171,2022-11-07 06:30:25.966,1,1,1172,0
1172,2022-11-07 06:31:56.614,1,1,1173,0
1173,2022-11-07 06:33:55.358,1,1,1174,0
1174,2022-11-07 06:36:20.942,1,1,1175,0
1175,2022-11-07 06:37:44.667,1,1,1176,0
1176,2022-11-07 06:39:24.125,1,1,1177,0
1177,2022-11-07 06:40:53.232,1,1,1178,0
1178,2022-11-07 06:47:39.918,1,1,1179,0
1179,2022-11-07 06:49:44.451,1,1,1180,0
1180,2022-11-07 06:51:10.076,1,1,1181,0
1181,2022-11-07 06:54:12.539,1,1,1182,0
1182,2022-11-07 06:55:53.070,1,1,1183,0
1183,2022-11-07 06:57:47.378,1,1,1184,0
1184,2022-11-07 06:59:36.833,1,1,1185,0
1185,2022-11-07 07:01:32.373,1,1,1186,0
1186,2022-11-07 07:02:51.687,1,1,1187,0
1187,2022-11-07 07:04:08.985,1,1,1188,0
1188,2022-11-07 07:05:25.763,1,1,1189,0
1189,2022-11-07 07:07:06.011,1,1,1190,0
1190,2022-11-07 07:08:28.062,1,1,1191,0
1191,2022-11-07 07:09:58.555,1,1,1192,0
1192,2022-11-07 07:12:05.967,1,1,1193,0
1193,2022-11-07 07:13:28.311,1,1,1194,0
1194,2022-11-07 07:15:08.445,1,1,1195,0
1195,2022-11-07 07:16:27.521,1,1,1196,0
1196,2022-11-07 07:17:58.046,1,1,1197,0
1197,2022-11-07 07:19:16.361,1,1,1198,0
1198,2022-11-07 11:33:25.757,1,1,1199,0
1199,2022-11-07 11:34:59.144,1,1,1200,0
1200,2022-11-07 11:36:16.237,1,1,1201,0
1201,2022-11-07 11:37:43.030,1,1,1202,0
1202,2022-11-07 11:39:02.568,1,1,1203,0
1203,2022-11-07 11:41:11.649,1,1,1204,0
1204,2022-11-07 11:42:38.747,1,1,1205,0
1205,2022-11-07 11:44:11.028,1,1,1206,0
1206,2022-11-07 11:45:41.832,1,1,1207,0
1207,2022-11-07 11:47:14.429,1,1,1208,0
1208,2022-11-07 11:48:48.813,1,1,1209,0
1209,2022-11-07 11:50:25.346,1,1,1210,0
1210,2022-11-07 11:52:40.661,1,1,1211,0
1211,2022-11-07 11:56:39.589,1,1,1212,0
1212,2022-11-09 04:55:52.828,1,1,1213,0
1213,2022-11-09 04:59:09.576,1,1,1214,0
1214,2022-11-09 05:03:19.720,1,1,1215,0
1215,2022-11-09 05:05:34.058,1,1,1216,0
1216,2022-11-09 05:07:08.837,1,1,1217,0
1217,2022-11-09 05:08:46.594,1,1,1218,0
1218,2022-11-09 05:11:02.987,1,1,1219,0
1219,2022-11-09 05:17:31.854,1,1,1220,0
1220,2022-11-09 05:19:15.654,1,1,1221,0
1221,2022-11-09 05:20:52.394,1,1,1222,0
1222,2022-11-09 05:23:04.791,1,1,1223,0
1223,2022-11-09 05:24:05.192,1,1,1224,0
1224,2022-11-09 05:27:07.551,1,1,1225,0
1225,2022-11-09 05:54:26.475,1,1,1226,0
1226,2022-11-09 05:55:35.813,1,1,1227,0
1227,2022-11-09 05:56:39.863,1,1,1228,0
1228,2022-11-09 05:57:41.569,1,1,1229,0
1229,2022-11-09 05:59:00.401,1,1,1230,0
1230,2022-11-09 06:02:53.180,1,1,1231,0
1231,2022-11-09 06:04:41.207,1,1,1232,0
1232,2022-11-09 06:11:04.006,1,1,1233,0
1233,2022-11-09 06:12:42.703,1,1,1234,0
1234,2022-11-09 06:14:25.498,1,1,1235,0
1235,2022-11-09 06:21:29.995,1,1,1236,0
1236,2022-11-09 06:22:52.762,1,1,1237,0
1237,2022-11-09 06:24:22.376,1,1,1238,0
1238,2022-11-09 06:25:54.743,1,1,1239,0
1239,2022-11-09 06:27:15.919,1,1,1240,0
1240,2022-11-09 06:28:25.789,1,1,1241,0
1241,2022-11-09 06:30:00.712,1,1,1242,0
1242,2022-11-09 06:31:15.038,1,1,1243,0
1243,2022-11-09 06:32:28.012,1,1,1244,0
1244,2022-11-09 06:33:49.912,1,1,1245,0
1245,2022-11-09 06:34:48.638,1,1,1246,0
1246,2022-11-09 06:35:49.850,1,1,1247,0
1247,2022-11-09 06:37:03.860,1,1,1248,0
1248,2022-11-09 06:38:09.155,1,1,1249,0
1249,2022-11-09 06:39:07.594,1,1,1250,0
1250,2022-11-09 06:40:11.523,1,1,1251,0
1251,2022-11-09 06:41:25.003,1,1,1252,0
1252,2022-11-09 06:43:11.322,1,1,1253,0
1253,2022-11-09 06:44:48.753,1,1,1254,0
1254,2022-11-09 06:46:00.515,1,1,1255,0
1255,2022-11-09 06:47:09.814,1,1,1256,0
1256,2022-11-09 06:48:16.650,1,1,1257,0
1257,2022-11-09 06:49:24.470,1,1,1258,0
1258,2022-11-09 06:50:31.654,1,1,1259,0
1259,2022-11-09 06:51:51.338,1,1,1260,0
1260,2022-11-09 06:53:03.421,1,1,1261,0
1261,2022-11-09 06:54:07.424,1,1,1262,0
1262,2022-11-09 06:55:16.215,1,1,1263,0
1263,2022-11-09 06:56:26.281,1,1,1264,0
1264,2022-11-09 06:57:59.843,1,1,1265,0
1265,2022-11-09 06:59:13.151,1,1,1266,0
1266,2022-11-09 07:00:24.517,1,1,1267,0
1267,2022-11-09 07:01:34.647,1,1,1268,0
1268,2022-11-09 07:02:36.464,1,1,1269,0
1269,2022-11-09 07:03:43.538,1,1,1270,0
1270,2022-11-09 07:04:47.300,1,1,1271,0
1271,2022-11-09 07:06:02.351,1,1,1272,0
1272,2022-11-09 07:12:22.229,1,1,1273,0
1273,2022-11-09 07:13:34.529,1,1,1274,0
1274,2022-11-09 07:14:55.831,1,1,1275,0
1275,2022-11-09 07:16:10.558,1,1,1276,0
1276,2022-11-09 07:17:25.325,1,1,1277,0
1277,2022-11-09 07:18:38.056,1,1,1278,0
1278,2022-11-09 07:19:40.760,1,1,1279,0
1279,2022-11-09 07:20:41.721,1,1,1280,0
1280,2022-11-09 07:21:51.134,1,1,1281,0
1281,2022-11-09 07:22:55.614,1,1,1282,0
1282,2022-11-14 11:06:21.974,1,1,1283,0
1283,2022-11-14 11:08:07.014,1,1,1284,0
1284,2022-11-14 11:09:16.050,1,1,1285,0
1285,2022-11-14 11:10:28.823,1,1,1286,0
1286,2022-11-14 11:11:40.116,1,1,1287,0
1287,2022-11-14 11:13:04.016,1,1,1288,0
1288,2022-11-14 11:14:19.684,1,1,1289,0
1289,2022-11-14 11:15:44.806,1,1,1290,0
1290,2022-11-14 11:17:15.360,1,1,1291,0
1291,2022-11-14 11:21:59.687,1,1,1292,0
1292,2022-11-14 11:25:54.603,1,1,1293,0
1293,2022-11-14 11:27:21.858,1,1,1294,0
1294,2022-11-14 11:28:42.006,1,1,1295,0
1295,2022-11-14 11:29:57.098,1,1,1296,0
1296,2022-11-14 11:32:07.882,1,1,1297,0
1297,2022-11-14 11:33:43.989,1,1,1298,0
1298,2022-11-14 11:35:18.023,1,1,1299,0
1299,2022-11-14 11:36:48.486,1,1,1300,0
1300,2022-11-14 11:38:05.451,1,1,1301,0
1301,2022-11-14 11:39:34.123,1,1,1302,0
1302,2022-11-14 11:49:14.996,1,1,1303,0
1303,2022-11-14 11:51:49.722,1,1,1304,0
1304,2022-11-14 11:53:04.355,1,1,1305,0
1305,2022-11-14 11:54:18.673,1,1,1306,0
1306,2022-11-14 11:56:57.653,1,1,1307,0
1307,2022-11-14 11:58:25.267,1,1,1308,0
1308,2022-11-14 11:59:51.610,1,1,1309,0
1309,2022-11-14 12:01:25.481,1,1,1310,0
1310,2022-11-14 12:02:44.057,1,1,1311,0
1311,2022-11-14 12:03:57.766,1,1,1312,0
1312,2022-11-14 12:05:15.360,1,1,1313,0
1313,2022-11-14 12:06:27.226,1,1,1314,0
1314,2022-11-14 12:07:38.000,1,1,1315,0
1315,2022-11-14 12:09:20.878,1,1,1316,0
1316,2022-11-14 12:11:03.580,1,1,1317,0
1317,2022-11-14 12:12:19.820,1,1,1318,0
1318,2022-11-14 12:13:59.640,1,1,1319,0
1319,2022-11-14 12:15:20.570,1,1,1320,0
1320,2022-11-14 12:16:42.350,1,1,1321,0
1321,2022-11-14 12:17:57.810,1,1,1322,0
1322,2022-11-15 01:39:43.218,1,1,1323,0
1323,2022-11-15 01:41:41.653,1,1,1324,0
1324,2022-11-15 01:43:12.060,1,1,1325,0
1325,2022-11-15 01:44:25.799,1,1,1326,0
1326,2022-11-15 01:45:44.658,1,1,1327,0
1327,2022-11-15 01:47:03.170,1,1,1328,0
1328,2022-11-15 01:48:41.240,1,1,1329,0
1329,2022-11-15 01:50:11.619,1,1,1330,0
1330,2022-11-15 01:51:28.577,1,1,1331,0
1331,2022-11-15 01:53:04.356,1,1,1332,0
1332,2022-11-15 01:54:42.003,1,1,1333,0
1333,2022-11-15 01:55:52.962,1,1,1334,0
1334,2022-11-15 01:57:06.406,1,1,1335,0
1335,2022-11-15 01:58:13.504,1,1,1336,0
1336,2022-11-15 09:37:26.053,1,1,1337,0
1337,2022-11-15 09:39:07.722,1,1,1338,0
1338,2022-11-15 09:40:23.684,1,1,1339,0
1339,2022-11-15 09:41:35.343,1,1,1340,0
1340,2022-11-15 09:43:04.169,1,1,1341,0
1341,2022-11-15 09:46:23.501,1,1,1342,0
1342,2022-11-15 09:49:54.921,1,1,1343,0
1343,2022-11-15 09:51:24.539,1,1,1344,0
1344,2022-11-15 09:53:05.518,1,1,1345,0
1345,2022-11-15 09:54:51.250,1,1,1346,0
1346,2022-11-15 09:56:09.975,1,1,1347,0
1347,2022-11-15 09:57:24.007,1,1,1348,0
1348,2022-11-15 09:58:40.691,1,1,1349,0
1349,2022-11-15 09:59:58.339,1,1,1350,0
1350,2022-11-15 10:02:42.292,1,1,1351,0
1351,2022-11-15 10:04:07.293,1,1,1352,0
1352,2022-11-15 10:05:19.994,1,1,1353,0
1353,2022-11-15 10:06:33.268,1,1,1354,0
1354,2022-11-15 10:07:58.284,1,1,1355,0
1355,2022-11-15 10:09:27.237,1,1,1356,0
1356,2022-11-15 11:36:45.032,1,1,1357,0
1357,2022-11-15 11:38:23.269,1,1,1358,0
1358,2022-11-15 11:39:41.190,1,1,1359,0
1359,2022-11-15 11:41:03.495,1,1,1360,0
1360,2022-11-15 11:42:18.303,1,1,1361,0
1361,2022-11-15 11:43:34.098,1,1,1362,0
1362,2022-11-15 11:44:48.716,1,1,1363,0
1363,2022-11-15 11:45:58.987,1,1,1364,0
1364,2022-11-15 11:47:17.070,1,1,1365,0
1365,2022-11-15 11:48:59.940,1,1,1366,0
1366,2022-11-15 11:50:10.090,1,1,1367,0
1367,2022-11-15 11:51:23.273,1,1,1368,0
1368,2022-11-15 11:52:59.555,1,1,1369,0
1369,2022-11-15 11:54:33.400,1,1,1370,0
1370,2022-11-15 11:55:48.068,1,1,1371,0
1371,2022-11-15 11:57:01.884,1,1,1372,0
1372,2022-11-15 11:58:28.522,1,1,1373,0
1373,2022-11-15 11:59:40.817,1,1,1374,0
1374,2022-11-15 12:00:59.600,1,1,1375,0
1375,2022-11-15 12:02:18.239,1,1,1376,0
1376,2022-11-18 01:16:43.258,0,0,1377,0
1377,2022-11-18 01:18:20.619,0,0,1378,0
1378,2022-11-18 01:19:38.137,0,0,1379,0
1379,2022-11-18 01:20:48.611,0,0,1380,0
1380,2022-11-18 01:22:04.160,0,0,1381,0
1381,2022-11-18 01:27:01.334,0,0,1382,0
1382,2022-11-18 01:36:26.666,0,0,1383,0
1383,2022-11-18 01:38:46.356,0,0,1384,0
1384,2022-11-18 01:40:03.126,0,0,1385,0
1385,2022-11-18 03:18:17.383,0,1,1385,1
1386,2022-11-18 03:23:12.868,0,0,1386,1
1387,2022-11-18 03:24:27.177,0,1,1386,2
1388,2022-11-18 11:28:25.699,0,0,1387,2
1389,2022-11-18 11:30:12.437,0,1,1387,3
1390,2022-11-18 11:38:11.003,0,0,1388,3
1391,2022-11-18 11:39:47.967,0,0,1389,3
1392,2022-11-18 11:42:11.528,0,0,1390,3
1393,2022-11-18 11:47:08.469,0,0,1391,3
1394,2022-11-18 11:48:35.271,0,0,1392,3
1395,2022-11-18 11:49:47.558,0,0,1393,3
1396,2022-11-18 11:53:06.295,0,1,1393,4
1397,2022-11-18 12:01:02.224,0,0,1394,4
1398,2022-11-18 12:14:58.842,0,0,1395,4
1399,2022-11-18 12:16:26.106,0,0,1396,4
1400,2022-11-18 12:17:53.970,0,0,1397,4
1401,2022-11-18 12:20:22.121,0,0,1398,4
1402,2022-11-18 12:21:38.431,0,0,1399,4
1403,2022-11-18 12:24:48.717,0,1,1399,5
1404,2022-11-18 12:26:15.387,0,0,1400,5
1405,2022-11-20 02:42:44.481,0,0,1401,5
1406,2022-11-20 02:44:00.253,0,0,1402,5
1407,2022-11-20 02:45:25.949,0,0,1403,5
1408,2022-11-20 02:46:40.575,0,0,1404,5
1409,2022-11-20 02:47:48.050,0,1,1404,6
1410,2022-11-20 02:48:54.259,0,0,1405,6
1411,2022-11-20 02:49:58.573,0,0,1406,6
1412,2022-11-20 02:51:04.544,0,0,1407,6
1413,2022-11-20 02:52:15.567,0,0,1408,6
1414,2022-11-20 02:53:17.039,0,0,1409,6
1415,2022-11-20 02:55:23.048,0,0,1410,6
1416,2022-11-20 02:56:31.818,0,0,1411,6
1417,2022-11-20 02:57:34.943,0,0,1412,6
1418,2022-11-20 02:58:41.962,0,0,1413,6
1419,2022-11-20 03:34:43.827,0,0,1414,6
1420,2022-11-20 03:35:52.822,0,0,1415,6
1421,2022-11-20 03:36:56.781,0,0,1416,6
1422,2022-11-20 03:38:05.895,0,0,1417,6
1423,2022-11-20 03:39:09.667,0,0,1418,6
1424,2022-11-20 03:40:14.453,0,0,1419,6
1425,2022-11-20 03:41:58.539,0,1,1419,7
1426,2022-11-20 03:43:07.056,0,0,1420,7
1427,2022-11-20 03:44:12.772,0,0,1421,7
1428,2022-11-20 03:45:18.738,0,0,1422,7
1429,2022-11-20 03:46:27.207,0,1,1422,8
1430,2022-11-20 03:47:42.691,0,1,1422,9
1431,2022-11-20 03:48:47.630,0,0,1423,9
1432,2022-11-20 03:50:00.982,0,0,1424,9
1433,2022-11-20 03:51:07.834,0,0,1425,9
1434,2022-11-20 03:52:40.717,0,0,1426,9
1435,2022-11-20 03:54:01.631,0,0,1427,9
1436,2022-11-20 03:55:12.403,0,0,1428,9
1437,2022-11-20 03:56:31.103,0,0,1429,9
1438,2022-11-20 03:57:40.241,0,1,1429,10
1439,2022-11-20 04:02:59.141,0,1,1429,11
1440,2022-11-20 04:04:06.826,0,0,1430,11
1441,2022-11-20 04:05:16.479,0,0,1431,11
1442,2022-11-20 04:06:24.001,0,0,1432,11
1443,2022-11-20 04:07:36.152,0,0,1433,11
1444,2022-11-20 04:08:50.685,0,0,1434,11
1445,2022-11-20 04:09:58.411,0,0,1435,11
1446,2022-11-20 04:11:43.089,0,0,1436,11
1447,2022-11-20 04:12:52.513,0,0,1437,11
1448,2022-11-20 04:14:05.723,0,0,1438,11
1449,2022-11-20 04:15:31.234,0,0,1439,11
1450,2022-11-20 04:16:40.078,0,0,1440,11
1451,2022-11-20 04:17:48.018,0,0,1441,11
1452,2022-11-20 04:18:56.922,0,0,1442,11
1453,2022-11-20 04:20:07.791,0,0,1443,11
1454,2022-11-20 04:21:17.395,0,0,1444,11
1455,2022-11-20 04:22:32.296,0,0,1445,11
1456,2022-11-20 04:23:47.301,0,0,1446,11
1457,2022-11-20 05:11:07.526,0,0,1447,11
1458,2022-11-20 05:12:34.479,0,0,1448,11
1459,2022-11-20 05:37:03.767,1,1,1449,11
1460,2022-11-20 05:38:40.280,1,1,1450,11
1461,2022-11-20 05:39:57.990,1,1,1451,11
1462,2022-11-20 05:41:11.022,1,1,1452,11
1463,2022-11-20 05:42:28.760,1,1,1453,11
1464,2022-11-20 05:43:52.810,1,1,1454,11
1465,2022-11-20 05:45:09.112,1,1,1455,11
1466,2022-11-20 05:46:34.314,1,1,1456,11
1467,2022-11-20 05:48:03.925,1,1,1457,11
1468,2022-11-20 05:49:18.032,1,1,1458,11
1469,2022-11-20 05:53:16.805,1,1,1459,11
1470,2022-11-20 05:54:38.346,1,1,1460,11
1471,2022-11-20 05:57:14.503,1,1,1461,11
1472,2022-11-20 05:58:32.541,1,1,1462,11
1473,2022-11-20 05:59:51.535,1,1,1463,11
1474,2022-11-20 06:01:18.433,1,1,1464,11
1475,2022-11-20 06:02:31.419,1,0,1464,12
1476,2022-11-20 06:04:10.335,1,1,1465,12
1477,2022-11-20 06:05:28.350,1,1,1466,12
1478,2022-11-20 06:06:49.525,1,1,1467,12
1479,2022-11-21 01:13:23.741,1,1,1468,12
1480,2022-11-21 01:15:10.366,1,1,1469,12
1481,2022-11-21 01:16:28.515,1,1,1470,12
1482,2022-11-21 01:17:42.139,1,1,1471,12
1483,2022-11-21 01:19:02.116,1,1,1472,12
1484,2022-11-21 01:20:13.069,1,1,1473,12
1485,2022-11-21 01:21:46.094,1,1,1474,12
1486,2022-11-21 01:23:31.003,1,1,1475,12
1487,2022-11-21 01:24:47.621,1,1,1476,12
1488,2022-11-21 01:26:03.873,1,1,1477,12
1489,2022-11-21 01:27:41.707,1,1,1478,12
1490,2022-11-21 01:29:01.391,1,1,1479,12
1491,2022-11-21 08:40:07.962,1,1,1480,12
1492,2022-11-21 08:41:53.748,1,1,1481,12
1493,2022-11-21 08:43:15.517,1,1,1482,12
1494,2022-11-21 08:44:34.478,1,1,1483,12
1495,2022-11-21 08:47:56.531,1,1,1484,12
1496,2022-11-21 08:49:19.641,1,1,1485,12
1497,2022-11-21 08:50:45.984,1,1,1486,12
1498,2022-11-21 08:52:12.703,1,1,1487,12
1499,2022-11-21 08:53:35.739,1,1,1488,12
1500,2022-11-21 08:54:57.283,1,1,1489,12
1501,2022-11-21 08:56:14.824,1,1,1490,12
1502,2022-11-21 08:57:49.924,1,1,1491,12
1503,2022-11-21 08:59:25.690,1,1,1492,12
1504,2022-11-21 09:00:52.425,1,0,1492,13
1505,2022-11-21 09:02:16.537,1,1,1493,13
1506,2022-11-21 09:03:43.369,1,1,1494,13
1507,2022-11-21 09:05:16.135,1,1,1495,13
1508,2022-11-21 09:06:36.627,1,1,1496,13
1509,2022-11-21 09:07:55.654,1,1,1497,13
1510,2022-11-21 09:09:49.658,1,1,1498,13
1511,2022-11-21 09:19:19.611,1,1,1499,13
1512,2022-11-21 09:23:57.501,1,1,1500,13
1513,2022-11-21 09:25:19.626,1,1,1501,13
1514,2022-11-21 09:26:28.059,1,1,1502,13
1515,2022-11-21 09:27:49.704,1,1,1503,13
1516,2022-11-21 09:29:06.537,1,1,1504,13
1517,2022-11-21 09:30:20.326,1,1,1505,13
1518,2022-11-21 09:31:46.895,1,1,1506,13
1519,2022-11-21 09:33:28.394,1,1,1507,13
1520,2022-11-21 09:34:48.487,1,1,1508,13
1521,2022-11-21 09:36:17.454,1,1,1509,13
1522,2022-11-21 09:37:33.318,1,1,1510,13
1523,2022-11-21 09:38:45.022,1,1,1511,13
1524,2022-11-21 09:40:00.900,1,1,1512,13
1525,2022-11-21 09:41:24.254,1,1,1513,13
1526,2022-11-21 09:43:05.858,1,1,1514,13
1527,2022-11-21 09:44:22.389,1,1,1515,13
1528,2022-11-21 09:45:41.861,1,1,1516,13
1529,2022-11-21 09:47:02.745,1,1,1517,13
1530,2022-11-21 09:48:15.150,1,1,1518,13
1531,2022-11-21 11:30:36.574,1,1,1519,13
1532,2022-11-21 11:33:46.338,1,1,1520,13
1533,2022-11-21 11:38:48.370,1,1,1521,13
1534,2022-11-21 11:40:17.704,1,1,1522,13
1535,2022-11-21 11:41:39.678,1,1,1523,13
1536,2022-11-21 11:42:55.836,1,1,1524,13
1537,2022-11-21 11:44:26.158,1,1,1525,13
1538,2022-11-21 11:46:05.855,1,1,1526,13
1539,2022-11-21 11:47:38.887,1,1,1527,13
1540,2022-11-21 11:48:59.960,1,1,1528,13
1541,2022-11-21 11:50:32.652,1,1,1529,13
1542,2022-11-21 11:51:50.710,1,1,1530,13
1543,2022-11-21 11:53:06.749,1,1,1531,13
1544,2022-11-21 11:54:33.575,1,1,1532,13
1545,2022-11-21 11:56:03.160,1,1,1533,13
1546,2022-11-21 11:57:28.214,1,1,1534,13
1547,2022-11-21 11:59:09.790,1,1,1535,13
1548,2022-11-21 12:00:37.319,1,1,1536,13
1549,2022-11-21 12:03:17.911,1,1,1537,13
1550,2022-11-21 12:04:47.772,1,1,1538,13
1551,2022-11-21 12:14:03.755,1,1,1539,13
1552,2022-11-21 12:15:47.520,1,1,1540,13
1553,2022-11-21 12:17:09.536,1,1,1541,13
1554,2022-11-21 12:18:40.050,1,1,1542,13
1555,2022-11-21 12:20:19.736,1,1,1543,13
1556,2022-11-21 12:21:59.833,1,1,1544,13
1557,2022-11-21 12:23:24.586,1,1,1545,13
1558,2022-11-21 12:27:02.511,1,1,1546,13
1559,2022-11-25 01:23:09.346,1,1,1547,13
1560,2022-11-25 01:24:59.954,1,1,1548,13
1561,2022-11-25 01:26:44.869,1,1,1549,13
1562,2022-11-25 01:28:08.709,1,1,1550,13
1563,2022-11-25 01:30:47.796,1,1,1551,13
1564,2022-11-25 01:32:35.358,1,1,1552,13
1565,2022-11-25 01:33:53.611,1,1,1553,13
1566,2022-11-25 01:35:11.135,1,1,1554,13
1567,2022-11-25 01:36:44.657,1,1,1555,13
1568,2022-11-25 01:38:34.222,1,1,1556,13
1569,2022-11-25 01:39:57.813,1,1,1557,13
1570,2022-11-25 01:41:37.160,1,1,1558,13
1571,2022-11-25 01:45:11.162,1,1,1559,13
1572,2022-11-25 01:46:51.655,1,1,1560,13
1573,2022-11-25 01:48:25.449,1,1,1561,13
1574,2022-11-25 01:50:18.831,1,1,1562,13
1575,2022-11-25 01:51:46.936,1,1,1563,13
1576,2022-11-25 01:55:04.033,1,1,1564,13
1577,2022-11-25 02:09:02.406,1,1,1565,13
1578,2022-11-25 02:11:11.988,1,1,1566,13
1579,2022-11-25 04:35:18.162,1,1,1567,13
1580,2022-11-25 04:36:53.288,1,1,1568,13
1581,2022-11-25 04:39:14.723,1,1,1569,13
1582,2022-11-25 04:40:34.417,1,1,1570,13
1583,2022-11-25 04:41:44.473,1,1,1571,13
1584,2022-11-25 04:44:23.074,1,1,1572,13
1585,2022-11-25 04:45:40.506,1,1,1573,13
1586,2022-11-25 04:47:18.425,1,1,1574,13
1587,2022-11-25 04:49:01.094,1,1,1575,13
1588,2022-11-25 04:50:27.942,1,1,1576,13
1589,2022-11-25 04:52:05.852,1,1,1577,13
1590,2022-11-25 04:53:40.604,1,1,1578,13
1591,2022-11-25 04:55:20.396,1,1,1579,13
1592,2022-11-25 04:56:58.252,1,1,1580,13
1593,2022-11-25 04:59:57.240,1,1,1581,13
1594,2022-11-25 05:01:23.928,1,1,1582,13
1595,2022-11-25 05:02:57.190,1,1,1583,13
1596,2022-11-25 05:04:40.183,1,1,1584,13
1597,2022-11-25 05:05:57.887,1,1,1585,13
1598,2022-11-25 05:08:40.391,1,1,1586,13
1599,2022-11-26 01:50:21.577,1,1,1587,13
1600,2022-11-26 01:55:07.862,1,1,1588,13
1601,2022-11-26 01:56:57.940,1,1,1589,13
1602,2022-11-26 01:59:05.874,1,1,1590,13
1603,2022-11-26 02:00:53.704,1,1,1591,13
1604,2022-11-26 10:37:08.582,1,1,1592,13
1605,2022-11-26 10:38:45.982,1,1,1593,13
1606,2022-11-26 10:40:14.404,1,1,1594,13
1607,2022-11-26 10:41:38.749,1,1,1595,13
1608,2022-11-26 10:43:29.884,1,1,1596,13
1609,2022-11-26 10:45:07.905,1,1,1597,13
1610,2022-11-26 10:46:53.401,1,1,1598,13
1611,2022-11-26 10:48:41.176,1,1,1599,13
1612,2022-11-26 10:50:13.644,1,1,1600,13
1613,2022-11-26 10:52:27.008,1,1,1601,13
1614,2022-11-26 10:55:27.196,1,1,1602,13
1615,2022-11-26 10:57:28.505,1,1,1603,13
1616,2022-11-26 10:59:23.981,1,1,1604,13
1617,2022-11-26 11:01:12.393,1,1,1605,13
1618,2022-11-26 11:02:45.234,1,1,1606,13
1619,2022-11-26 11:04:21.088,1,1,1607,13
1620,2022-11-26 11:06:00.964,1,1,1608,13
1621,2022-11-26 11:07:47.226,1,1,1609,13
1622,2022-11-26 11:09:35.879,1,1,1610,13
1623,2022-11-26 11:12:07.729,1,1,1611,13
1624,2022-11-26 11:28:44.593,1,1,1612,13
1625,2022-11-26 11:30:09.805,1,1,1613,13
1626,2022-11-26 11:31:47.601,1,1,1614,13
1627,2022-11-26 11:33:27.266,1,1,1615,13
1628,2022-11-26 11:34:48.270,1,1,1616,13
1629,2022-11-26 11:36:54.264,1,1,1617,13
1630,2022-11-26 11:38:24.820,1,1,1618,13
1631,2022-11-26 11:40:02.782,1,1,1619,13
1632,2022-11-26 11:41:33.580,1,1,1620,13
1633,2022-11-26 11:43:03.392,1,1,1621,13
1634,2022-11-26 11:44:43.666,1,1,1622,13
1635,2022-11-26 11:46:31.966,1,1,1623,13
1636,2022-11-26 11:48:55.003,1,1,1624,13
1637,2022-11-26 11:50:19.283,1,1,1625,13
1638,2022-11-26 11:51:57.815,1,1,1626,13
1639,2022-11-26 11:53:46.988,1,1,1627,13
1640,2022-11-26 11:55:28.390,1,1,1628,13
1641,2022-11-26 11:57:23.348,1,1,1629,13
1642,2022-11-26 11:59:57.180,1,1,1630,13
1643,2022-11-26 12:01:32.063,1,1,1631,13
1644,2022-11-27 01:01:05.001,1,1,1632,13
1645,2022-11-27 01:03:01.511,1,1,1633,13
1646,2022-11-27 01:04:32.319,1,1,1634,13
1647,2022-11-27 01:05:31.913,1,1,1635,13
1648,2022-11-27 03:46:58.983,1,1,1636,13
1649,2022-11-27 03:48:29.908,1,1,1637,13
1650,2022-11-27 03:49:51.925,1,1,1638,13
1651,2022-11-27 03:51:12.939,1,1,1639,13
1652,2022-11-27 03:52:18.375,1,1,1640,13
1653,2022-11-27 03:53:30.117,1,1,1641,13
1654,2022-11-27 03:54:34.503,1,1,1642,13
1655,2022-11-27 03:55:41.971,1,1,1643,13
1656,2022-11-27 03:56:48.218,1,1,1644,13
1657,2022-11-27 03:58:37.192,1,1,1645,13
1658,2022-11-27 04:01:11.030,1,1,1646,13
1659,2022-11-27 04:02:21.319,1,1,1647,13
1660,2022-11-27 04:03:21.074,1,1,1648,13
1661,2022-11-27 04:04:25.983,1,1,1649,13
1662,2022-11-27 04:05:26.306,1,1,1650,13
1663,2022-11-27 04:07:16.825,1,1,1651,13
1664,2022-11-27 04:08:25.812,1,1,1652,13
1665,2022-11-27 04:10:09.140,1,1,1653,13
1666,2022-11-27 04:11:17.705,1,1,1654,13
1667,2022-11-27 04:12:57.097,1,1,1655,13
1668,2022-11-27 04:18:55.454,1,1,1656,13
1669,2022-11-27 04:20:17.407,1,1,1657,13
1670,2022-11-27 04:21:19.248,1,1,1658,13
1671,2022-11-27 04:22:11.688,1,1,1659,13
1672,2022-11-27 04:23:10.695,1,1,1660,13
1673,2022-11-27 04:24:06.927,1,1,1661,13
1674,2022-11-27 04:25:03.976,1,1,1662,13
1675,2022-11-27 04:26:16.359,1,1,1663,13
1676,2022-11-27 04:27:24.538,1,1,1664,13
1677,2022-11-27 04:28:24.531,1,1,1665,13
1678,2022-11-27 04:29:37.584,1,1,1666,13
1679,2022-11-27 04:30:30.633,1,1,1667,13
1680,2022-11-27 04:31:30.118,1,1,1668,13
1681,2022-11-27 04:32:22.402,1,1,1669,13
1682,2022-11-27 04:33:25.005,1,1,1670,13
1683,2022-11-27 04:35:30.823,1,1,1671,13
1684,2022-11-27 04:36:56.475,1,1,1672,13
1685,2022-11-27 04:38:16.344,1,1,1673,13
1686,2022-11-27 04:39:12.168,1,1,1674,13
1687,2022-11-27 04:40:08.009,1,1,1675,13
1688,2022-11-27 04:43:35.592,1,1,1676,13
1689,2022-11-27 04:44:38.696,1,1,1677,13
1690,2022-11-27 04:45:42.295,1,1,1678,13
1691,2022-11-27 04:46:43.972,1,1,1679,13
1692,2022-11-27 04:47:36.332,1,1,1680,13
1693,2022-11-27 04:48:33.684,1,1,1681,13
1694,2022-11-27 04:49:35.462,1,1,1682,13
1695,2022-11-27 04:50:51.591,1,1,1683,13
1696,2022-11-27 04:52:18.599,1,1,1684,13
1697,2022-11-27 04:53:37.392,1,1,1685,13
1698,2022-11-27 04:54:52.854,1,1,1686,13
1699,2022-11-27 04:56:06.666,1,1,1687,13
1700,2022-11-27 04:57:34.029,1,1,1688,13
1701,2022-11-27 04:58:53.054,1,1,1689,13
1702,2022-11-27 05:00:07.242,1,1,1690,13
1703,2022-11-27 05:01:29.573,1,1,1691,13
1704,2022-11-27 05:02:59.565,1,1,1692,13
1705,2022-11-27 05:04:14.532,1,1,1693,13
1706,2022-11-27 05:05:28.003,1,1,1694,13
1707,2022-11-27 05:06:30.705,1,1,1695,13
1708,2022-11-27 05:10:58.568,1,1,1696,13
1709,2022-11-27 05:12:10.441,1,1,1697,13
1710,2022-11-27 05:13:20.487,1,1,1698,13
1711,2022-11-27 05:14:31.388,1,1,1699,13
1712,2022-11-27 05:15:26.985,1,1,1700,13
1713,2022-11-27 05:16:21.058,1,1,1701,13
1714,2022-11-27 05:17:15.347,1,1,1702,13
1715,2022-11-27 05:18:12.118,1,1,1703,13
1716,2022-11-27 05:19:08.040,1,1,1704,13
1717,2022-11-27 05:20:16.320,1,1,1705,13
1718,2022-11-27 05:21:08.757,1,1,1706,13
1719,2022-11-27 05:22:14.701,1,1,1707,13
1720,2022-11-27 05:23:37.804,1,1,1708,13
1721,2022-11-27 05:24:37.256,1,1,1709,13
1722,2022-11-27 05:25:37.398,1,1,1710,13
1723,2022-11-27 05:26:29.566,1,1,1711,13
1724,2022-11-27 05:27:19.096,1,1,1712,13
1725,2022-11-27 05:28:11.091,1,1,1713,13
1726,2022-11-27 05:29:05.757,1,1,1714,13
1727,2022-11-27 05:30:03.440,1,1,1715,13
1728,2022-11-27 09:44:03.874,1,1,1716,13
1729,2022-11-27 09:45:44.229,1,1,1717,13
1730,2022-11-27 09:47:00.529,1,1,1718,13
1731,2022-11-27 09:50:11.396,1,1,1719,13
1732,2022-11-27 09:52:30.661,1,1,1720,13
1733,2022-11-27 09:54:10.536,1,1,1721,13
1734,2022-11-27 09:56:10.670,1,1,1722,13
1735,2022-11-27 09:57:50.082,1,1,1723,13
1736,2022-11-27 09:59:37.432,1,1,1724,13
1737,2022-11-27 10:01:27.034,1,1,1725,13
1738,2022-11-27 10:02:55.719,1,1,1726,13
1739,2022-11-27 10:04:48.451,1,1,1727,13
1740,2022-11-27 10:06:43.659,1,1,1728,13
1741,2022-11-27 10:08:24.498,1,1,1729,13
1742,2022-11-27 10:10:15.032,1,1,1730,13
1743,2022-11-27 10:29:00.190,1,1,1731,13
1744,2022-11-27 10:30:35.232,1,1,1732,13
1745,2022-11-27 10:34:06.523,1,1,1733,13
1746,2022-11-27 10:35:58.322,1,1,1734,13
1747,2022-11-27 10:39:19.550,1,1,1735,13
1748,2022-11-27 10:40:49.890,1,1,1736,13
1749,2022-11-27 10:42:17.531,1,1,1737,13
1750,2022-11-27 10:43:36.217,1,1,1738,13
1751,2022-11-27 10:47:10.654,1,1,1739,13
1752,2022-11-27 10:48:57.570,1,1,1740,13
1753,2022-11-27 10:57:43.266,1,1,1741,13
1754,2022-11-27 10:59:28.113,1,1,1742,13
1755,2022-11-27 11:01:08.879,1,1,1743,13
1756,2022-11-27 11:06:19.661,1,1,1744,13
1757,2022-11-27 11:07:39.841,1,1,1745,13
1758,2022-11-27 11:09:02.487,1,1,1746,13
1759,2022-11-27 11:10:02.678,1,1,1747,13
1760,2022-11-27 11:13:23.348,1,1,1748,13
1761,2022-11-27 11:16:23.488,1,1,1749,13
1762,2022-11-27 11:17:57.918,1,1,1750,13
1763,2022-11-27 11:19:43.057,1,1,1751,13
1764,2022-11-27 11:21:48.684,1,1,1752,13
1765,2022-11-27 11:23:18.847,1,1,1753,13
1766,2022-11-27 11:24:28.398,1,1,1754,13
1767,2022-11-27 11:25:29.392,1,1,1755,13
1768,2022-11-27 11:26:28.665,1,1,1756,13
1769,2022-11-27 11:27:35.282,1,1,1757,13
1770,2022-11-27 11:28:46.111,1,1,1758,13
1771,2022-11-27 11:29:59.608,1,1,1759,13
1772,2022-11-27 11:31:02.144,1,1,1760,13
1773,2022-11-27 11:35:31.914,1,1,1761,13
1774,2022-11-27 11:38:42.418,1,1,1762,13
1775,2022-11-27 11:40:36.903,1,1,1763,13
1776,2022-11-27 11:52:15.955,1,1,1764,13
1777,2022-11-27 11:54:46.428,1,1,1765,13
1778,2022-11-27 11:55:50.510,1,1,1766,13
1779,2022-11-27 11:58:41.703,1,1,1767,13
1780,2022-11-27 11:59:40.069,1,1,1768,13
1781,2022-11-27 12:02:34.535,1,1,1769,13
1782,2022-11-27 12:03:49.109,1,1,1770,13
1783,2022-11-27 12:04:53.607,1,1,1771,13
1784,2022-11-27 12:05:57.320,1,1,1772,13
1785,2022-11-27 12:07:00.938,1,1,1773,13
1786,2022-11-27 12:08:13.211,1,1,1774,13
1787,2022-11-27 12:09:28.340,1,1,1775,13
1788,2022-11-27 12:10:26.782,1,1,1776,13
1789,2022-11-27 12:11:32.806,1,1,1777,13
1790,2022-11-27 12:12:29.272,1,1,1778,13
1791,2022-11-27 12:13:36.547,1,1,1779,13
1792,2022-11-27 12:14:37.441,1,1,1780,13
1793,2022-11-27 12:25:32.863,1,1,1781,13
1794,2022-11-27 12:26:59.849,1,1,1782,13
1795,2022-11-27 12:28:06.392,1,1,1783,13
1796,2022-11-27 12:29:12.296,1,1,1784,13
1797,2022-11-27 12:30:18.647,1,1,1785,13
1798,2022-11-27 12:33:43.131,1,1,1786,13
1799,2022-11-27 12:35:20.742,1,1,1787,13
1800,2022-11-27 12:38:58.449,1,1,1788,13
1801,2022-11-27 12:40:26.630,1,1,1789,13
1802,2022-11-27 12:43:20.159,1,1,1790,13
1803,2022-11-27 12:45:31.063,1,1,1791,13
1804,2022-11-27 12:46:58.158,1,1,1792,13
1805,2022-11-27 12:50:34.797,1,1,1793,13
1806,2022-11-27 12:52:51.007,1,1,1794,13
1807,2022-11-27 12:54:50.514,1,1,1795,13
1808,2022-11-27 12:57:20.825,1,1,1796,13
1809,2022-11-30 09:35:24.111,1,1,1797,13
1810,2022-11-30 09:38:15.731,1,1,1798,13
1811,2022-11-30 09:41:06.519,1,1,1799,13
1812,2022-11-30 09:43:37.213,1,1,1800,13
1813,2022-11-30 09:44:47.364,1,1,1801,13
1814,2022-11-30 09:48:43.707,1,1,1802,13
1815,2022-11-30 09:50:06.787,1,1,1803,13
1816,2022-11-30 09:51:31.943,1,1,1804,13
1817,2022-11-30 09:52:50.964,1,1,1805,13
1818,2022-11-30 09:54:47.420,1,1,1806,13
1819,2022-11-30 09:56:27.403,1,1,1807,13
1820,2022-11-30 09:58:07.836,1,1,1808,13
1821,2022-11-30 09:59:35.355,1,1,1809,13
1822,2022-11-30 10:02:08.150,1,1,1810,13
1823,2022-11-30 10:03:23.247,1,1,1811,13
1824,2022-11-30 10:04:53.849,1,1,1812,13
1825,2022-11-30 10:06:21.270,1,1,1813,13
1826,2022-11-30 10:07:39.458,1,1,1814,13
1827,2022-11-30 10:09:41.649,1,1,1815,13
1828,2022-11-30 10:11:20.574,1,1,1816,13
1829,2022-11-30 10:17:15.328,1,1,1817,13
1830,2022-11-30 10:19:39.828,1,1,1818,13
1831,2022-11-30 10:21:07.166,1,1,1819,13
1832,2022-11-30 10:23:20.821,1,1,1820,13
1833,2022-11-30 10:24:36.527,1,1,1821,13
1834,2022-11-30 10:25:59.037,1,1,1822,13
1835,2022-11-30 10:28:10.214,1,1,1823,13
1836,2022-11-30 10:29:56.252,1,1,1824,13
1837,2022-11-30 10:31:24.642,1,1,1825,13
1838,2022-11-30 10:32:44.601,1,1,1826,13
1839,2022-11-30 10:34:30.176,1,1,1827,13
1840,2022-11-30 10:35:35.509,1,1,1828,13
1841,2022-11-30 10:37:08.254,1,1,1829,13
1842,2022-11-30 10:38:17.867,1,1,1830,13
1843,2022-11-30 10:39:49.128,1,1,1831,13
1844,2022-11-30 10:41:55.466,1,1,1832,13
1845,2022-11-30 10:43:35.815,1,1,1833,13
1846,2022-11-30 10:45:56.002,1,1,1834,13
1847,2022-11-30 10:48:09.009,1,1,1835,13
1848,2022-11-30 10:49:26.510,1,1,1836,13
1849,2022-11-30 10:58:29.726,1,1,1837,13
1850,2022-11-30 11:02:51.847,1,1,1838,13
1851,2022-11-30 11:04:52.206,1,1,1839,13
1852,2022-11-30 11:06:02.818,1,1,1840,13
1853,2022-11-30 11:07:24.634,1,1,1841,13
1854,2022-11-30 11:08:38.680,1,1,1842,13
1855,2022-11-30 11:11:25.106,1,1,1843,13
1856,2022-11-30 11:12:43.111,1,1,1844,13
1857,2022-11-30 11:14:09.578,1,1,1845,13
1858,2022-11-30 11:15:34.553,1,1,1846,13
1859,2022-11-30 11:17:48.795,1,1,1847,13
1860,2022-11-30 11:19:08.128,1,1,1848,13
1861,2022-11-30 11:21:26.015,1,1,1849,13
1862,2022-11-30 11:22:44.093,1,1,1850,13
1863,2022-11-30 11:24:12.528,1,1,1851,13
1864,2022-11-30 11:26:12.320,1,1,1852,13
1865,2022-11-30 11:27:52.423,1,1,1853,13
1866,2022-11-30 11:30:46.958,1,1,1854,13
1867,2022-11-30 11:32:36.406,1,1,1855,13
1868,2022-11-30 11:52:24.909,1,1,1856,13
1869,2022-11-30 11:57:23.775,1,1,1857,13
1870,2022-11-30 11:58:58.088,1,1,1858,13
1871,2022-11-30 12:00:02.301,1,1,1859,13
1872,2022-11-30 12:01:24.190,1,1,1860,13
1873,2022-11-30 12:02:30.358,1,1,1861,13
1874,2022-11-30 12:03:53.275,1,1,1862,13
1875,2022-11-30 12:05:03.838,1,1,1863,13
1876,2022-11-30 12:06:08.742,1,1,1864,13
1877,2022-11-30 12:07:41.473,1,1,1865,13
1878,2022-11-30 12:08:53.269,1,1,1866,13
1879,2022-11-30 12:10:00.354,1,1,1867,13
1880,2022-11-30 12:12:12.801,1,1,1868,13
1881,2022-11-30 12:13:24.470,1,1,1869,13
1882,2022-11-30 12:14:50.836,1,1,1870,13
1883,2022-11-30 12:16:06.289,1,1,1871,13
1884,2022-11-30 12:17:25.742,1,1,1872,13
1885,2022-11-30 12:18:35.685,1,1,1873,13
1886,2022-11-30 12:19:46.296,1,1,1874,13
1887,2022-11-30 12:21:38.229,1,1,1875,13
1888,2022-12-04 01:47:46.853,1,1,1876,13
1889,2022-12-04 01:50:11.636,1,1,1877,13
1890,2022-12-04 01:51:23.289,1,1,1878,13
1891,2022-12-04 01:53:02.486,1,1,1879,13
1892,2022-12-04 01:54:20.854,1,1,1880,13
1893,2022-12-04 01:55:33.941,1,1,1881,13
1894,2022-12-04 01:56:41.112,1,1,1882,13
1895,2022-12-04 01:58:11.330,1,1,1883,13
1896,2022-12-04 01:59:20.991,1,1,1884,13
1897,2022-12-04 02:00:33.173,1,1,1885,13
1898,2022-12-04 02:01:52.615,1,1,1886,13
1899,2022-12-04 02:03:00.822,1,1,1887,13
1900,2022-12-04 02:04:47.394,1,1,1888,13
1901,2022-12-04 02:06:07.356,1,1,1889,13
1902,2022-12-04 02:07:19.096,1,1,1890,13
1903,2022-12-04 02:08:32.820,1,1,1891,13
1904,2022-12-04 02:11:14.861,1,1,1892,13
1905,2022-12-04 02:12:29.759,1,1,1893,13
1906,2022-12-04 02:14:00.047,1,1,1894,13
1907,2022-12-04 02:46:37.210,1,1,1895,13
1908,2022-12-04 03:49:58.657,1,1,1896,13
1909,2022-12-04 03:52:00.330,1,1,1897,13
1910,2022-12-04 03:53:53.509,1,1,1898,13
1911,2022-12-04 03:55:18.635,1,1,1899,13
1912,2022-12-04 03:56:45.147,1,1,1900,13
1913,2022-12-04 03:58:30.889,1,1,1901,13
1914,2022-12-04 04:00:20.913,1,1,1902,13
1915,2022-12-04 04:01:50.570,1,1,1903,13
1916,2022-12-04 04:03:06.728,1,1,1904,13
1917,2022-12-04 04:04:46.577,1,1,1905,13
1918,2022-12-04 04:06:24.568,1,1,1906,13
1919,2022-12-04 04:08:47.747,1,1,1907,13
1920,2022-12-04 04:10:12.146,1,1,1908,13
1921,2022-12-04 04:11:39.132,1,1,1909,13
1922,2022-12-04 04:13:39.495,1,1,1910,13
1923,2022-12-04 04:15:15.210,1,1,1911,13
1924,2022-12-04 04:16:40.357,1,1,1912,13
1925,2022-12-04 04:18:43.613,1,1,1913,13
1926,2022-12-04 04:34:51.133,1,1,1914,13
1927,2022-12-04 04:36:25.016,1,1,1915,13
1928,2022-12-04 10:09:16.071,1,1,1916,13
1929,2022-12-04 10:11:12.271,1,1,1917,13
1930,2022-12-04 10:12:46.796,1,1,1918,13
1931,2022-12-04 10:14:07.096,1,1,1919,13
1932,2022-12-04 10:15:29.540,1,1,1920,13
1933,2022-12-04 10:16:57.298,1,1,1921,13
1934,2022-12-04 10:18:11.386,1,1,1922,13
1935,2022-12-04 10:19:34.179,1,1,1923,13
1936,2022-12-04 10:21:46.878,1,1,1924,13
1937,2022-12-04 10:23:27.718,1,1,1925,13
1938,2022-12-04 10:24:50.503,1,1,1926,13
1939,2022-12-04 10:26:49.866,1,1,1927,13
1940,2022-12-04 10:28:46.183,1,1,1928,13
1941,2022-12-04 10:30:26.699,1,1,1929,13
1942,2022-12-04 10:33:53.362,1,1,1930,13
1943,2022-12-04 10:35:16.774,1,1,1931,13
1944,2022-12-04 10:36:38.630,1,1,1932,13
1945,2022-12-04 10:45:03.150,1,1,1933,13
1946,2022-12-04 10:46:15.275,1,1,1934,13
1947,2022-12-04 10:47:54.157,1,1,1935,13
1948,2022-12-04 10:53:41.569,1,1,1936,13
1949,2022-12-04 10:56:03.751,1,1,1937,13
1950,2022-12-04 10:57:46.116,1,1,1938,13
1951,2022-12-04 10:59:13.564,1,1,1939,13
1952,2022-12-04 11:00:52.681,1,1,1940,13
1953,2022-12-04 11:02:13.225,1,1,1941,13
1954,2022-12-04 11:06:03.949,1,1,1942,13
1955,2022-12-04 11:08:38.966,1,1,1943,13
1956,2022-12-04 11:12:13.024,1,1,1944,13
1957,2022-12-04 11:13:45.275,1,1,1945,13
1958,2022-12-04 11:15:44.741,1,1,1946,13
1959,2022-12-04 11:16:57.714,1,1,1947,13
1960,2022-12-04 11:18:23.401,1,1,1948,13
1961,2022-12-04 11:21:49.879,1,1,1949,13
1962,2022-12-04 11:26:51.402,1,1,1950,13
1963,2022-12-04 11:28:45.952,1,1,1951,13
1964,2022-12-04 11:30:03.587,1,1,1952,13
1965,2022-12-04 11:31:23.964,1,1,1953,13
1966,2022-12-04 11:33:29.602,1,1,1954,13
1967,2022-12-04 11:38:30.921,1,1,1955,13
1968,2022-12-04 11:43:24.647,1,1,1956,13
1969,2022-12-04 11:44:54.972,1,1,1957,13
1970,2022-12-04 11:46:10.731,1,1,1958,13
1971,2022-12-04 11:47:49.303,1,1,1959,13
1972,2022-12-04 11:49:45.467,1,1,1960,13
1973,2022-12-04 11:57:52.940,1,1,1961,13
1974,2022-12-04 12:08:59.944,1,1,1962,13
1975,2022-12-04 12:10:23.409,1,1,1963,13
1976,2022-12-04 12:11:42.852,1,1,1964,13
1977,2022-12-04 12:13:05.463,1,1,1965,13
1978,2022-12-04 12:14:34.840,1,1,1966,13
1979,2022-12-04 12:16:11.810,1,1,1967,13
1980,2022-12-04 12:20:29.210,1,1,1968,13
1981,2022-12-04 12:21:53.692,1,1,1969,13
1982,2022-12-04 12:29:32.525,1,1,1970,13
1983,2022-12-04 12:35:50.326,1,1,1971,13
1984,2022-12-04 12:37:09.489,1,1,1972,13
1985,2022-12-04 12:38:34.263,1,1,1973,13
1986,2022-12-04 12:39:51.572,1,1,1974,13
1987,2022-12-04 12:41:55.125,1,1,1975,13
1988,2022-12-06 02:16:01.856,1,1,1976,13
1989,2022-12-06 02:17:30.784,1,1,1977,13
1990,2022-12-06 02:18:45.282,1,1,1978,13
1991,2022-12-06 02:19:46.888,1,1,1979,13
1992,2022-12-06 02:20:43.109,1,1,1980,13
1993,2022-12-06 02:21:41.501,1,1,1981,13
1994,2022-12-06 02:22:44.578,1,1,1982,13
1995,2022-12-06 02:23:48.892,1,1,1983,13
1996,2022-12-06 02:25:03.827,1,1,1984,13
1997,2022-12-06 02:26:07.810,1,1,1985,13
1998,2022-12-06 02:27:16.751,1,1,1986,13
1999,2022-12-06 02:28:28.744,1,1,1987,13
2000,2022-12-06 02:29:32.300,1,1,1988,13
2001,2022-12-06 02:30:36.622,1,1,1989,13
2002,2022-12-06 02:31:48.281,1,1,1990,13
2003,2022-12-06 02:33:18.222,1,1,1991,13
2004,2022-12-06 02:34:22.318,1,1,1992,13
2005,2022-12-06 02:35:37.779,1,1,1993,13
2006,2022-12-06 02:36:45.062,1,1,1994,13
2007,2022-12-06 02:37:48.175,1,1,1995,13
2008,2022-12-06 02:42:48.403,1,1,1996,13
2009,2022-12-06 02:43:52.172,1,1,1997,13
2010,2022-12-06 02:45:02.755,1,1,1998,13
2011,2022-12-06 02:46:14.557,1,1,1999,13
2012,2022-12-06 02:47:17.078,1,1,2000,13
2013,2022-12-06 02:48:23.095,1,1,2001,13
2014,2022-12-06 02:49:40.306,1,1,2002,13
2015,2022-12-06 02:50:51.123,1,1,2003,13
2016,2022-12-06 02:52:10.142,1,1,2004,13
2017,2022-12-06 02:53:19.546,1,1,2005,13
2018,2022-12-06 02:54:19.809,1,1,2006,13
2019,2022-12-06 02:55:31.922,1,1,2007,13
2020,2022-12-06 02:56:36.951,1,1,2008,13
2021,2022-12-06 02:57:42.994,1,1,2009,13
2022,2022-12-06 02:58:47.589,1,1,2010,13
2023,2022-12-06 02:59:54.069,1,1,2011,13
2024,2022-12-06 03:00:58.823,1,1,2012,13
2025,2022-12-06 03:02:04.309,1,1,2013,13
2026,2022-12-06 03:03:16.635,1,1,2014,13
2027,2022-12-06 03:05:14.922,1,1,2015,13
2028,2022-12-06 03:13:48.749,1,1,2016,13
2029,2022-12-06 03:15:44.772,1,1,2017,13
2030,2022-12-06 03:17:54.620,1,1,2018,13
2031,2022-12-06 03:19:03.371,1,1,2019,13
2032,2022-12-06 03:20:10.877,1,1,2020,13
2033,2022-12-06 03:21:26.926,1,1,2021,13
2034,2022-12-06 03:22:33.104,1,1,2022,13
2035,2022-12-06 03:23:39.249,1,1,2023,13
2036,2022-12-06 03:24:52.100,1,1,2024,13
2037,2022-12-06 03:26:50.288,1,1,2025,13
2038,2022-12-06 03:28:03.845,1,1,2026,13
2039,2022-12-06 03:29:11.694,1,1,2027,13
2040,2022-12-06 03:30:17.867,1,1,2028,13
2041,2022-12-06 03:32:02.976,1,1,2029,13
2042,2022-12-06 03:33:05.777,1,1,2030,13
2043,2022-12-06 03:34:30.275,1,1,2031,13
2044,2022-12-06 03:35:41.007,1,1,2032,13
2045,2022-12-06 03:36:56.243,1,1,2033,13
2046,2022-12-06 03:38:35.665,1,1,2034,13
2047,2022-12-06 03:39:52.187,1,1,2035,13
2048,2022-12-06 04:29:11.389,1,1,2036,13
2049,2022-12-06 04:31:58.720,1,1,2037,13
2050,2022-12-06 04:33:15.664,1,1,2038,13
2051,2022-12-06 04:34:28.847,1,1,2039,13
2052,2022-12-06 04:35:32.934,1,1,2040,13
2053,2022-12-06 04:36:31.058,1,1,2041,13
2054,2022-12-06 04:37:41.266,1,1,2042,13
2055,2022-12-06 04:38:45.819,1,1,2043,13
2056,2022-12-06 04:39:53.023,1,1,2044,13
2057,2022-12-06 04:40:54.161,1,1,2045,13
2058,2022-12-06 04:41:52.066,1,1,2046,13
2059,2022-12-06 04:42:53.782,1,1,2047,13
2060,2022-12-06 04:44:04.145,1,1,2048,13
2061,2022-12-06 04:44:59.117,1,1,2049,13
2062,2022-12-06 04:45:59.922,1,1,2050,13
2063,2022-12-06 04:46:57.128,1,1,2051,13
2064,2022-12-06 04:48:20.354,1,1,2052,13
2065,2022-12-06 04:49:39.344,1,1,2053,13
2066,2022-12-06 04:50:40.287,1,1,2054,13
2067,2022-12-06 04:51:41.128,1,1,2055,13
2068,2022-12-06 11:41:52.638,1,1,2056,13
2069,2022-12-06 11:44:49.960,1,1,2057,13
2070,2022-12-06 11:46:20.686,1,1,2058,13
2071,2022-12-06 11:47:56.114,1,1,2059,13
2072,2022-12-06 11:50:33.674,1,1,2060,13
2073,2022-12-06 11:52:16.248,1,1,2061,13
2074,2022-12-06 11:54:03.402,1,1,2062,13
2075,2022-12-06 11:55:32.985,1,1,2063,13
2076,2022-12-06 11:58:00.581,1,1,2064,13
2077,2022-12-06 11:59:34.598,1,1,2065,13
2078,2022-12-06 12:01:07.909,1,1,2066,13
2079,2022-12-06 12:02:33.751,1,1,2067,13
2080,2022-12-06 12:06:55.616,1,1,2068,13
2081,2022-12-06 12:08:31.021,1,1,2069,13
2082,2022-12-06 12:10:14.694,1,1,2070,13
2083,2022-12-06 12:11:56.865,1,1,2071,13
2084,2022-12-06 12:13:10.645,1,1,2072,13
2085,2022-12-06 12:16:46.657,1,1,2073,13
2086,2022-12-06 12:18:24.332,1,1,2074,13
2087,2022-12-06 12:19:35.459,1,1,2075,13
